Ticker,Company,Sector,Address,Tel,Website,IdCompany,Group Sector
AAA,Công ty cổ phần Nhựa An Phát Xanh,Nguyên vật liệu,"Lô CN 11 + CN 12 Cụm Công nghiệp An Đồng, Thị trấn Nam Sách, Huyện Nam Sách, Tỉnh Hải Dương, Việt Nam",+84 220 3755998,www.anphatbioplastic.com,0800373586,Nguyên vật liệu
AAM,Công ty Cổ phần Thủy sản Mekong,"Thực phẩm, đồ uống và thuốc lá","Lô 24, Khu Công nghiệp Trà nóc, Phường Trà Nóc, Quận Bình Thủy, Thành phố Cần Thơ, Việt Nam",(+84) 29238415,http://www.mekongfish.vn/,1800448811,Hàng tiêu dùng thiết yếu
AAT,Công ty cổ phần Tiên Sơn Thanh Hoá,Đồ tiêu dùng và trang trí,"Số 09 khu công nghiệp Bắc Sơn Bỉm Sơn, Phường Bắc Sơn, Thị xã Bỉm Sơn, Tỉnh Thanh Hóa, Việt Nam",+84 220 3755998,www.tiensonaus.com,2800222245,Hàng tiêu dùng không thiết yếu
ABR,Công ty Cổ phần Đầu tư Nhãn hiệu Việt,Các dịch vụ chuyên biệt và thương mại,"CR3 - 16G, Lầu 2, 109 Tôn Dật Tiên, Phường Tân Phú, Quận 7, Thành phố Hồ Chí Minh, Việt Nam",+84 28 54138366,www.vbinvest.com.vn,0312080709,Công nghiệp
ABS,Công ty Cổ phần Dịch vụ Nông nghiệp Bình Thuận,Hàng hóa chủ chốt,"Số 03 Nguyễn Du, Phường Đức Thắng, Thành phố Phan Thiết, Tỉnh Bình Thuận, Việt Nam",(+84) 28393007,www.bitagco.com,3400382278,Công nghiệp
ABT,Công ty Cổ phần Xuất nhập khẩu thủy sản Bến Tre,"Thực phẩm, đồ uống và thuốc lá","Ấp 9, Xã Tân Thạch, Huyện Châu Thành, Tỉnh Tây Ninh, Việt Nam",(+84) 27538602,www.aquatexbentre.com,1300376365,Hàng tiêu dùng thiết yếu
ACB,Ngân hàng Thương mại Cổ phần Á Châu,Ngân hàng,"442 Nguyễn Thị Minh Khai, Phường 5, Quận 3, Thành phố Hồ Chí Minh, Việt Nam",+84 28 39290999,www.acb.com.vn,0301452948,Tài chính
ACC,Công ty cổ phần Đầu tư và Xây dựng Bình Dương ACC,Nguyên vật liệu,"Đường N7, Khu Công nghiệp Mỹ Phước, Phường Mỹ Phước, Thị xã Bến Cát, Tỉnh Bình Dương, Việt Nam",+84 650 3567200,www.becamexacc.com.vn,3700926112,Nguyên vật liệu
ACG,Công ty Cổ phần Gỗ An Cường,Nguyên vật liệu,,,,,Nguyên vật liệu
ACL,Công ty Cổ phần Xuất nhập khẩu Thủy sản Cửu Long An Giang,"Thực phẩm, đồ uống và thuốc lá","90 Hùng Vương, Khóm Mỹ Thọ, P Mỹ Quý, Thành phố Long Xuyên, Tỉnh An Giang, Việt Nam",+84 296 3931000,www.clfish.com,1600680398,Hàng tiêu dùng thiết yếu
ADG,Công ty Cổ phần Clever Group,Truyền thông và Giải trí,"Số 26, Ngõ 80, Phố Lê Trọng Tấn, Phường Khương Mai, Quận Thanh Xuân, Thành phố Hà Nội, Việt Nam",(+84) 24730460,https://clevergroup.vn/,0102850165,Viễn thông
ADS,Công ty Cổ phần Damsan,Đồ tiêu dùng và trang trí,"Lô A4 Bùi Viện, Khu Công nghiệp Nguyễn Đức Cảnh, Phường Trần Hưng Đạo, Thành phố Thái Bình, Tỉnh Thái Bình, Việt Nam",+84 227 3643998,www.damsanjsc.vn,1000389853,Hàng tiêu dùng không thiết yếu
AGG,CTCP Đầu tư và Phát triển Bất động sản An Gia,Quản lý & Phát triển Bất động sản,"30 Nguyễn Thị Diệu, Phường 6, Quận 3, Thành phố Hồ Chí Minh, Việt Nam",+84 251 6280299,www.angia.com.vn,0311500196,Bất động sản
AGM,Công ty Cổ phần xuất nhập khẩu An Giang,"Thực phẩm, đồ uống và thuốc lá","Số 01 Ngô Gia Tự, Phường Mỹ Long, Thành phố Long Xuyên, Tỉnh An Giang, Việt Nam",+84 296 3842625,www.angimex.com.vn,1600230737,Hàng tiêu dùng thiết yếu
AGR,Công ty Cổ phần Chứng khoán Agribank,Dịch vụ tài chính,"Tầng 5, Tòa nhà Artex, Số 172 Ngọc Khánh, Phường Giảng Võ, Quận Ba Đình, Thành phố Hà Nội, Việt Nam",+84 24 62762666,www.agriseco.com.vn,0101150107,Tài chính
AMD,Công ty cổ phần đầu tư và khoáng sản FLC Stone,Hàng hóa chủ chốt,"Tầng 5, Tòa nhà FLC Landmark Tower, Đường Lê Đức Thọ, Phường Mỹ Đình 2, Quận Nam Từ Liêm, Thành phố Hà Nội, Việt Nam",+84 24 32929222,www.flcstone.vn,0102370070,Công nghiệp
ANV,Công ty Cổ phần Nam Việt,"Thực phẩm, đồ uống và thuốc lá","Số 19D Trần Hưng Đạo, Phường Mỹ Quý, Thành phố Long Xuyên, Tỉnh An Giang, Việt Nam",+84 296 3834060,www.navicorp.com.vn,1600168736,Hàng tiêu dùng thiết yếu
APC,Công ty Cổ phần Chiếu xạ An Phú,Các dịch vụ chuyên biệt và thương mại,"Số 119A/2, Tổ 4, Khu phố 1B, Phường An Phú, Thành phố Thuận An, Tỉnh Bình Dương, Việt Nam",+84 650 3713116,www.apic.com.vn,3700480244,Công nghiệp
APG,Công ty Cổ phần Chứng khoán APG,Dịch vụ tài chính,"Tầng 5, Tòa nhà Grand Building Số 32 Hòa Mã, Quận Hai Bà Trưng, Thành phố Hà Nội, Việt Nam",+84 24 39410277,www.apsi.vn,0102525951,Tài chính
APH,Công ty cổ phần Tập đoàn An Phát Holdings,Nguyên vật liệu,"Tầng 17, Tòa nhà PV Oil, 148 Hoàng Quốc Việt, Quận Cầu Giấy, Thành phố Hà Nội, Việt Nam",+84 650 3713116,www.anphatholdings.com,0801210129,Nguyên vật liệu
ASG,Cổ phiếu Công ty Cổ phần Tập đoàn ASG,Vận tải,"Khu dịch vụ Logistics, Cảng HKQT Nội Bài, Xã Phú Minh, Huyện Sóc Sơn, Thành phố Hà Nội, Việt Nam",+84 24 37616688,www.asg.net.vn,0104960269,Công nghiệp
ASM,Công ty Cổ phần Tập đoàn Sao Mai ,Quản lý & Phát triển Bất động sản,"326 Hùng Vương, Phường Mỹ Long, Thành phố Long Xuyên, Tỉnh An Giang, Việt Nam",+84 296 3840138,www.saomaiag.vn,1600169024,Bất động sản
ASP,Công ty Cổ phần Tập đoàn Dầu khí An Pha,Năng lượng,"D1-14 Khu phố Mỹ Giang 2, Phường Tân Phong, Quận 7, Thành phố Hồ Chí Minh, Việt Nam",+84 28 54136338,www.anphapetrol.com,0303224471,Năng lượng
AST,Công ty Cổ phần Dịch vụ Hàng không Taseco,Dịch vụ tiêu dùng,"Tầng 1, Tòa nhà N02-T1, Khu đoàn ngoại giao, Phố Đỗ Nhuận, Phường Xuân Tảo, Quận Bắc Từ Liêm, Thành phố Hà Nội, Việt Nam",+84 24 35876683,www.tasecoairs.vn,0107007230,Hàng tiêu dùng không thiết yếu
BAF,Công ty Cổ phần Nông nghiệp BAF Việt Nam,"Thực phẩm, đồ uống và thuốc lá",,,,,Hàng tiêu dùng thiết yếu
BBC,Công ty Cổ phần Bibica,"Thực phẩm, đồ uống và thuốc lá","443 Lý Thường Kiệt, Phường 8, Quận Tân Bình, Thành phố Hồ Chí Minh, Việt Nam",+84 28 39717920,www.bibica.com.vn,3600363970,Hàng tiêu dùng thiết yếu
BCE,Công ty Cổ phần Xây dựng và Giao thông Bình Dương,Hàng hóa chủ chốt,"Lô G, Đường Đồng Khởi, Phường Hòa Phú, Thành phố Thủ Dầu Một, Tỉnh Bình Dương, Việt Nam",(+84) 65022208,www.becamexbce.com.vn,3700408992,Công nghiệp
BCG,Công ty Cổ phần Bamboo Capital,Hàng hóa chủ chốt,"Lầu 14, Tòa nhà Vincom Center, 72 Lê Thánh Tôn, Phường Bến Nghé, Quận 1, Thành phố Hồ Chí Minh, Việt Nam",(+84) 28626806,www.bamboocap.com.vn,0311315789,Công nghiệp
BCM,Tổng Công ty Đầu tư và Phát triển Công nghiệp - CTCP,Quản lý & Phát triển Bất động sản,"Số 230 Đại lộ Bình Dương, Phường Phú Hòa, Thành phố Thủ Dầu Một, Tỉnh Bình Dương, Việt Nam",+84 274 3822655,www.becamex.com.vn,3700145020,Bất động sản
BFC,Công ty Cổ phần Phân bón Bình Điền ,Nguyên vật liệu,"C12/21 Quốc Lộ 1A, xã Tân Kiên, Huyện Bình Chánh, Thành phố Hồ Chí Minh, Việt Nam",+84 28 7560110,www.binhdien.com,0302975517,Nguyên vật liệu
BHN,Tổng Công ty Cổ phần Bia - Rượu - Nước giải khát Hà Nội,"Thực phẩm, đồ uống và thuốc lá","Số 183 Phố Hoàng Hoa Thám, Phường Ngọc Hà, Quận Ba Đình, Thành phố Hà Nội, Việt Nam",+84 24 38453843,www.habeco.com.vn,0101376672,Hàng tiêu dùng thiết yếu
BIC,Tổng Công ty Cổ phần Bảo Hiểm Ngân hàng Đầu tư và Phát triển Việt Nam ,Bảo hiểm,"Tầng 16, Tháp A, Tòa nhà Vincom, Số 191 Bà Triệu, Quận Hai Bà Trưng, Thành phố Hà Nội, Việt Nam",+84 24 22200282,www.bic.vn,0100931299,Tài chính
BID,Ngân hàng Thương mại Cổ phần Đầu tư và Phát triển Việt Nam ,Ngân hàng,"Tháp BIDV, Số 35 Hàng Vôi, Phường Lý Thái Tổ, Quận Hoàn Kiếm, Thành phố Hà Nội, Việt Nam",+84 24 22205544,www.bidv.com.vn,0100150619,Tài chính
BKG,Công ty Cổ phần Đầu tư BKG Việt Nam,Hàng hóa chủ chốt,"Tầng 4, Tòa nhà HPC Landmark 105, Đường Tố Hữu, KĐT Văn Khê, Phường La Khê, Quận Hà Đông, Thành phố Hà Nội, Việt Nam",+84 24 22832468,www.bkgvietnam.com,0106935814,Công nghiệp
BMC,Công ty Cổ phần Khoáng sản Bình Định,Nguyên vật liệu,"11 Hà Huy Tập, Thành phố Quy Nhơn, Tỉnh Bình Định, Việt Nam",+84 256 3822073,www.bimico.vn,4100390008,Nguyên vật liệu
BMI,Tổng Công ty Cổ phần Bảo Minh ,Bảo hiểm,"Số 26 Tôn Thất Đạm, Phường Nguyễn Thái Bình, Quận 1, Thành phố Hồ Chí Minh, Việt Nam",+84 28 38294180,www.baominh.com.vn,0300446973,Tài chính
BMP,Công ty Cổ phần nhựa Bình Minh,Hàng hóa chủ chốt,"240 Hậu Giang, Phường 9, Quận 6, Thành phố Hồ Chí Minh, Việt Nam",+84 28 39690973,www.binhminhplastic.com,0301464823,Công nghiệp
BRC,Công ty Cổ phần Cao su Bến Thành ,Hàng hóa chủ chốt,"Lô B 3-1 Khu Công nghiệp Tây Bắc Củ Chi, Đường Giáp Hải (D3), Xã Trung Lập Hạ, Huyện Củ Chi, Thành phố Hồ Chí Minh, Việt Nam",+84 28 37907619,www.berubco.com.vn,0301150295,Công nghiệp
BSI,Công ty Cổ phần Chứng khoán Ngân hàng Đầu tư và Phát triển Việt Nam,Dịch vụ tài chính,"Tầng 10-11, Tòa Tháp BIDV, 35 Hàng Vôi, Quận Hoàn Kiếm, Thành phố Hà Nội, Việt Nam",+84 28 38218886,www.bsc.com.vn,0101003060,Tài chính
BTP,Công ty Cổ phần Nhiệt điện Bà Rịa,Dịch vụ tiện ích,"Khu phố Hương Giang, Phường Long Hương, Thành phố Bà Rịa, Tỉnh Bà Rịa - Vũng Tàu, Việt Nam",+84 254 2212811,www.btp.com.vn,3500701305,Dịch vụ tiện ích
BTT,Công ty Cổ phần Thương mại - Dịch vụ Bến Thành,Hàng hóa chủ chốt,"Số 2-4 Đường Lưu Văn Lang, Phường Bến Thành, Quận 1, Thành phố Hồ Chí Minh, Việt Nam",+84 28 38223390,www.benthanhtsc.com,0301164065,Công nghiệp
BVH,Tập đoàn Bảo Việt ,Bảo hiểm,"Số 8  Lê Thái Tổ, Phường Hàng Trống, Quận Hoàn Kiếm, Thành phố Hà Nội, Việt Nam",+84 24 39289999,www.baoviet.com.vn,0100111761,Tài chính
BWE,Công ty Cổ phần Nước – Môi trường Bình Dương,Dịch vụ tiện ích,"Số 11 Đường Ngô Văn Trị, Phường Phú Lợi, Thành phố Thủ Dầu Một, Tỉnh Bình Dương, Việt Nam",+84 650 3838333,www.biwase.com.vn,3700145694,Dịch vụ tiện ích
C32,Công ty cổ phần CIC39,Hàng hóa chủ chốt,"45A Nguyễn Văn Tiết, Phường Lái Liêu, Thành phố Thuận An, Tỉnh Bình Dương, Việt Nam",+84 650 3759446,www.cic39.vn,3700146225,Công nghiệp
C47,Công ty Cổ phần Xây dựng 47,Hàng hóa chủ chốt,"Số 8, Đường Biên Cương, Thành phố Quy Nhơn, Tỉnh Bình Định, Việt Nam",(+84) 25635221,www.xaydung47.vn,4100258747,Công nghiệp
CAV,Công ty Cổ phần dây cáp điện Việt Nam ,Hàng hóa chủ chốt,"70-72 Nam Kỳ Khởi Nghĩa, Phường Nguyễn Thái Bình, Quận 1, Thành phố Hồ Chí Minh, Việt Nam",+84 28 38299443,www.cadivi-vn.com,0300381564,Công nghiệp
CCI,Công ty Cổ phần Đầu tư Phát triển Công nghiệp - Thương mại Củ Chi,Hàng hóa chủ chốt,"Ấp Bàu Tre 2, Xã Tân An Hội, Huyện Củ Chi, Thành phố Hồ Chí Minh, Việt Nam",+84 28 38921737,www.cidico.com.vn,0302704764,Công nghiệp
CCL,Công ty Cổ phần Đầu tư và Phát triển Đô thị Dầu khí Cửu Long,Quản lý & Phát triển Bất động sản,"Số 02 Lô KTM 06, đường số 6, Khu đô thị 5A, Phường 4, Thành phố Sóc Trăng, Tỉnh Sóc Trăng, Việt Nam",+84 299 3627999,www.pvcl.com.vn,2200280598,Bất động sản
CDC,Công ty Cổ phần Chương Dương,Hàng hóa chủ chốt,"328 Đại lộ Võ Văn Kiệt, Quận 1, Thành phố Hồ Chí Minh, Việt Nam",+84 28 38367734,www.acic.com.vn,0303146167,Công nghiệp
CHP,Công ty Cổ phần Thủy điện miền Trung,Dịch vụ tiện ích,"Lô 57B, đường số 6, Khu công nghiệp Đà Nẵng, Phường An Hải Bắc, Quận Sơn Trà, Thành phố Đà Nẵng, Việt Nam",+84 236 3959110,www.chp.vn,0400477830,Dịch vụ tiện ích
CIG,Công ty Cổ phần COMA18,Quản lý & Phát triển Bất động sản,"Số 135 Trần Phú, Phường Văn Quán, Quận Hà Đông, Thành phố Hà Nội, Việt Nam",+84 24 33545608,www.coma18.vn,0500236860,Bất động sản
CII,Công ty Cổ phần Đầu tư Hạ tầng Kỹ thuật T.P Hồ Chí Minh,Vận tải,"03A Nguyễn Văn Thủ, Phường Đa Kao, Quận 1, Thành phố Hồ Chí Minh, Việt Nam",+84 28 36221025,www.cii.com.vn,0302483177,Công nghiệp
CKG,Công ty Cổ phần Tập đoàn Tư vấn Đầu tư & Xây dựng Kiên Giang,Quản lý & Phát triển Bất động sản,"Số 34 Đường Trần Phú, Phường Vĩnh Thanh, Thành phố Rạch Giá, Tỉnh Kiên Giang, Việt Nam",+84 297 3874660,www.cickg.com,1700113586,Bất động sản
CLC,Công ty Cổ phần Cát Lợi,"Thực phẩm, đồ uống và thuốc lá","934D2, Đường D, KCN Cát Lái, Phường Thạnh Mỹ Hợi, Quận 2, Thành phố Hồ Chí Minh, Việt Nam",(+84) 28374211,www.catloi.com.vn,5800902623,Hàng tiêu dùng thiết yếu
CLL,Công ty Cổ phần Cảng Cát Lái,Vận tải,"Đường Nguyễn Thị Định, phường Cát Lái, Thành phố Thủ đức, Thành phố Hồ Chí Minh, Việt Nam",(+84) 28374234,www.catlaiport.com.vn,0305168938,Công nghiệp
CLW,Công ty Cổ phần Cấp nước Chợ Lớn ,Dịch vụ tiện ích,"Số 97 Phạm Hữu Chí, Phường 12, Quận 5, Thành phố Hồ Chí Minh, Việt Nam",+84 28 39144290,www.capnuoccholon.com.vn,0304797806,Dịch vụ tiện ích
CMG,Công ty Cổ phần Tập đoàn Công nghệ CMC,Phần mềm và dịch vụ,"CMC Tower, Số 11 Phố Duy Tân, Phường Dịch Vọng Hậu, Quận Cầu Giấy, Thành phố Hà Nội, Việt Nam",+84 24 37958668,www.cmc.com.vn,0100244112,Công nghệ thông tin
CMV,Công ty Cổ phần Thương Nghiệp Cà Mau,Phân phối & Bán lẻ hàng tiêu dùng,"70-72 Đề Thám, Phường 2, Thành phố Cà Mau, Tỉnh Cà Mau, Việt Nam",(+84) 29038392,www.tncm.com.vn,2000110221,Hàng tiêu dùng thiết yếu
CMX,Công ty cổ phần Camimex Group,"Thực phẩm, đồ uống và thuốc lá","Số 333 Đường Cao Thắng, Phường 8, Thành phố Cà Mau, Tỉnh Cà Mau, Việt Nam",+84 290 3831608,www.camimex.com.vn,2000103908,Hàng tiêu dùng thiết yếu
CNG,Công ty Cổ phần CNG Việt Nam,Năng lượng,"Đường số 15, Khu công nghiệp Phú Mỹ I, Thị xã Phú Mỹ, Tỉnh Bà Rịa - Vũng Tàu, Việt Nam",+84 254 3574618,www.cng-vietnam.com,3500800828,Năng lượng
COM,Công ty Cổ phần Vật Tư - Xăng Dầu,Phân phối & Bán lẻ hàng tiêu dùng,"Số 11 Cao Bá Nhạ, Phường Nguyễn Cư Trinh, Quận 1, Thành phố Hồ Chí Minh, Việt Nam",+84 28 38321111,www.comeco.vn,0300450673,Hàng tiêu dùng thiết yếu
CRC,Công ty Cổ phần Create Capital Việt Nam,Nguyên vật liệu,"Số 104/140 Khuất Duy Tiến, Phường Nhân Chính, Quận Thanh Xuân, Thành phố Hà Nội, Việt Nam",+84 24 62925566,www.createcapital.vn,0105087537,Nguyên vật liệu
CRE,Công ty Cổ phần Bất động sản Thế kỷ,Quản lý & Phát triển Bất động sản,"Tầng 1, Tòa B Sky City, Số 88 Láng Hạ, Phường Láng Hạ, Quận Đống Đa, Thành phố Hà Nội, Việt Nam",+84 24 62636688,www.cenland.vn,0101160306,Bất động sản
CSM,Công ty Cổ phần Công nghiệp Cao su Miền Nam,Ô tô và linh kiện,"180 Nguyễn Thị Minh Khai, Phường 6, Quận 3, Thành phố Hồ Chí Minh, Việt Nam",+84 28 39303122,www.casumina.com,0300419930,Hàng tiêu dùng không thiết yếu
CSV,Công ty Cổ phần hóa chất cơ bản Miền Nam ,Nguyên vật liệu,"22 Lý Tự Trọng, Phường Bến Nghé, Quận 1, Thành phố Hồ Chí Minh, Việt Nam",+84 28 38296620,www.sochemvn.com,0301446260,Nguyên vật liệu
CTD,Công ty Cổ phần Xây dựng Coteccons,Hàng hóa chủ chốt,"236/6 Điện Biên Phủ, Phường 17, Quận Bình Thạnh, Thành phố Hồ Chí Minh, Việt Nam",+84 28 35142266,www.coteccons.vn,0303443233,Công nghiệp
CTF,Công ty Cổ phần City Auto,Phân phối & Bán lẻ hàng tiêu dùng,"Số 218 Quốc lộ 13, phường Hiệp Bình Chánh, Thành phố Thủ đức, Thành phố Hồ Chí Minh, Việt Nam",(+84) 28372626,www.cityford.com.vn,0307979603,Hàng tiêu dùng thiết yếu
CTG,Ngân hàng Thương mại Cổ phần Công Thương Việt Nam,Ngân hàng,"Số 108 Trần Hưng Đạo, Quận Hoàn Kiếm, Thành phố Hà Nội, Việt Nam",+84 24 39421030,www.vietinbank.vn,0100111948,Tài chính
CTI,Công ty Cổ phần Đầu tư Phát triển Cường Thuận IDICO,Nguyên vật liệu,"Số 168 Khu phố 11, Phường An Bình, Thành phố Biên Hòa, Tỉnh Đồng Nai, Việt Nam",+84 251 6291081,www.cuongthuan.vn,3600459834,Nguyên vật liệu
CTR,Tổng công ty cổ phần công trình Viettel,Hàng hóa chủ chốt,"Số 1 Giang Văn Minh, Phường Kim Mã, Quận Ba Đình, Thành phố Hà Nội, Việt Nam",+84 24 62661225,www.congtrinhviettel.com.vn,0104753865,Công nghiệp
CTS,Công ty Cổ phần Chứng khoán Ngân hàng Công thương Việt Nam,Dịch vụ tài chính,"Số 306 Bà Triệu, Quận Hai Bà Trưng, Thành phố Hà Nội, Việt Nam",+84 24 39741865,www.cts.vn,0101078450,Tài chính
CVT,Công ty Cổ phần CMC,Nguyên vật liệu,"Lô B10-B11 Khu Công nghiệp Thụy Vân, Xã Thụy Vân, Thành phố Việt Trì, Tỉnh Phú Thọ, Việt Nam",+84 210 3846619,www.cmctile.com.vn,2600106523,Nguyên vật liệu
D2D,Công ty Cổ phần Phát triển Đô thị Công nghiệp Số 2 ,Quản lý & Phát triển Bất động sản,"H22, đường Võ Thị Sáu, Phường Thống Nhất, Thành phố Biên Hòa, Tỉnh Đồng Nai, Việt Nam",+84 251 3817742,www.d2d.com.vn,3600259560,Bất động sản
DAG,Công ty Cổ phần Tập đoàn Nhựa Đông Á,Hàng hóa chủ chốt,"Lô 1-CN5 -Cụm Công nghiệp Ngọc Hổi, Xã Ngọc Hồi, Huyện Thanh Trì, Thành phố Hà Nội, Việt Nam",+84 24 37342888,www.dag.com.vn,0101099228,Công nghiệp
DAH,Công ty cổ phần Tập đoàn Khách sạn Đông Á,Dịch vụ tiêu dùng,"Phòng C301 tầng 3, tòa nhà Trung tâm Thương mại Đông Á, Số 668 đường Phan Đình Phùng, tổ 11, phường Đồng Quang, Thành phố Thái Nguyên, Tỉnh Thái Nguyên, Việt Nam",+84 208 3651967,www.dongahotelgroup.com,4600349907,Hàng tiêu dùng không thiết yếu
DAT,Công ty cổ phần Đầu tư Du lịch và Phát triển Thuỷ sản,"Thực phẩm, đồ uống và thuốc lá","Quốc lộ 80, Cụm công nghiệp Vàm Cống, xã Bình Thành, Huyện Lấp Vò, Tỉnh Đồng Tháp, Việt Nam",+84 277 3680657,www.trisedco.vn,1600895650,Hàng tiêu dùng thiết yếu
DBC,Công ty Cổ phần Tập đoàn Dabaco Việt Nam,"Thực phẩm, đồ uống và thuốc lá","Số 35 Đường Lý Thái Tổ, Phường Võ Cường, Thành phố Bắc Ninh, Tỉnh Bắc Ninh, Việt Nam",+84 222 3895111,www.dabaco.com.vn,2300105790,Hàng tiêu dùng thiết yếu
DBD,Công ty Cổ phần Dược - Trang thiết bị Y tế Bình Định,"Dược phẩm, Công nghệ sinh học","498 Nguyễn Thái Học, Phường Quang Trung, Thành phố Quy Nhơn, Tỉnh Bình Định, Việt Nam",+84 256 3846500,www.bidiphar.com,4100259564,Chăm sóc sức khỏe
DBT,Công ty Cổ phần Dược phẩm Bến Tre,"Dược phẩm, Công nghệ sinh học","Số 6A3 Quốc lộ 60, Phường Phú Tân, Thành phố Bến Tre, Tỉnh Bến Tre, Việt Nam",+84 275 3813447,www.bepharco.com,1300382591,Chăm sóc sức khỏe
DC4,Công ty cổ phần Xây dựng DIC Holdings,Hàng hóa chủ chốt,"Toà nhà Ruby Tower, Số 12, Đường 3/2, Phường 8, Thành phố Vũng Tàu, Tỉnh Bà Rịa - Vũng Tàu, Việt Nam",+84 254 3613518,www.diccons.vn,3500686978,Công nghiệp
DCL,Công ty Cổ phần Dược phẩm Cửu Long ,"Dược phẩm, Công nghệ sinh học","150 Đường 14/9, Phường 5, Thành phố Vĩnh Long, Tỉnh Vĩnh Long, Việt Nam",+84 270 3822533,www.pharimexco.com.vn,1500202535,Chăm sóc sức khỏe
DCM,Công ty Cổ phần Phân Bón Dầu khí Cà Mau,Nguyên vật liệu,"Lô D, Khu công nghiệp Phường 1, Đường Ngô Quyền, Phường 1, Thành phố Cà Mau, Tỉnh Cà Mau, Việt Nam",+84 290 3819000,www.pvcfc.com.vn,2001012298,Nguyên vật liệu
DGC,Công ty cổ phần Tập đoàn Hóa chất Đức Giang,Nguyên vật liệu,"Số 18/44 Phố Đức Giang, Thượng Thanh, Quận Long Biên, Thành phố Hà Nội, Việt Nam",+84 24 38271620,www.ducgiangchem.vn,0101452588,Nguyên vật liệu
DGW,Công ty Cổ phần Thế giới Số,Thiết bị và phần cứng công nghệ,"Số 201 – 203 Cách Mạng Tháng 8, Phường 4, Quận 3, Thành phố Hồ Chí Minh, Việt Nam",+84 28 39290059,www.digiworld.com.vn,0302861742,Công nghệ thông tin
DHA,Công ty Cổ phần Hoá An,Nguyên vật liệu,"Khu phố Cầu Hang, Phường Hóa An, Thành phố Biên Hòa, Tỉnh Đồng Nai, Việt Nam",+84 251 3954491,www.hoaan.com.vn,3600464464,Nguyên vật liệu
DHC,Công ty Cổ phần Đông Hải Bến Tre ,Nguyên vật liệu,"Lô AIII, Khu Công nghiệp Giao Long, xã An Phước, Huyện Châu Thành, Tỉnh Tây Ninh, Việt Nam",+84 275 3822288,www.dohacobentre.com.vn,1300358260,Nguyên vật liệu
DHG,Công ty Cổ phần Dược Hậu Giang,"Dược phẩm, Công nghệ sinh học","288 Bis Đường Nguyễn Văn Cừ, Phường An Hòa, Quận Ninh Kiều, Thành phố Cần Thơ, Việt Nam",+84 292 3891433,www.dhgpharma.com.vn,1800156801,Chăm sóc sức khỏe
DHM,Công ty cổ phần thương mại và khai thác khoáng sản Dương Hiếu,Nguyên vật liệu,"Số nhà 1309, Ngõ 1581 Đường 3/2, Tổ 09, Phường Trung Thành, Thành phố Thái Nguyên, Tỉnh Thái Nguyên, Việt Nam",+84 208 3832410,www.duonghieu.com.vn,4600341471,Nguyên vật liệu
DIG,Tổng Công ty Cổ phần Đầu tư Phát triển Xây dựng,Hàng hóa chủ chốt,"Số 265 Lê Hồng Phong, Phường 8, Thành phố Vũng Tàu, Tỉnh Bà Rịa - Vũng Tàu, Việt Nam",+84 254 3839671,www.dic.vn,3500101107,Công nghiệp
DLG,Công ty Cổ phần Tập đoàn Đức Long Gia Lai,Hàng hóa chủ chốt,"90 Lê Duẩn, Phường Phù Đổng, Thành phố Pleiku, Tỉnh Gia Lai, Việt Nam",+84 269 3747437,www.duclonggroup.com,5900415863,Công nghiệp
DMC,Công ty Cổ phần Xuất nhập khẩu Y tế Domesco,"Dược phẩm, Công nghệ sinh học","Số 66 Quốc lộ 30, Phường Mỹ Phú, Huyện Cao Lãnh, Tỉnh Đồng Tháp, Việt Nam",+84 277 3852278,www.domesco.com,1400460395,Chăm sóc sức khỏe
DPG,Công ty Cổ phần Đạt Phương,Hàng hóa chủ chốt,"Tầng 15, Tòa nhà Handico, Khu đô thị Mễ Trì Hạ, Đường Phạm Hùng, Phường Mễ Trì, Quận Nam Từ Liêm, Thành phố Hà Nội, Việt Nam",+84 24 37830856,www.datphuong.com.vn,0101218757,Công nghiệp
DPM,Tổng Công ty Phân bón và Hóa chất Dầu khí-Công ty Cổ phần,Nguyên vật liệu,"Số 43 Mạc Đĩnh Chi, phường Đa Kao, Quận 1, Thành phố Hồ Chí Minh, Việt Nam",+84 28 38256258,www.dpm.vn,0303165480,Nguyên vật liệu
DPR,Công ty Cổ phần Cao su Đồng Phú,Nguyên vật liệu,"Xã Thuận Phú, Huyện Đồng Phù, Tỉnh Bình Phước, Việt Nam",+84 271 3819786,www.doruco.com.vn,3800100376,Nguyên vật liệu
DQC,Công ty Cổ phần Bóng đèn Điện Quang,Hàng hóa chủ chốt,"1221-123-125 Hàm Nghi, Quận 1, Thành phố Hồ Chí Minh, Việt Nam",+84 28 38290135,www.dienquang.com,0300363808,Công nghiệp
DRC,Công ty Cổ phần Cao Su Đà Nẵng,Ô tô và linh kiện,"Số 1 Lê Văn Hiến, Quận Ngũ Hành Sơn, Thành phố Đà Nẵng, Việt Nam",+84 236 3771405,www.drc.com.vn,0400101531,Hàng tiêu dùng không thiết yếu
DRH,Công ty Cổ phần DRH Holdings,Quản lý & Phát triển Bất động sản,"Số 67 Hàm Nghi, Phường Nguyễn Thái Bình, Quận 1, Thành phố Hồ Chí Minh, Việt Nam",+84 28 38728148,www.drh.vn,0304266964,Bất động sản
DRL,Công ty Cổ phần Thủy điện – Điện lực 3,Dịch vụ tiện ích,"Thôn Nhà Đèn, Xã Ea Pô, Huyện Cư Jút, Tỉnh Đắk Nông, Việt Nam",+84 261 3684888,www.pc3hp.com.vn,0400456277,Dịch vụ tiện ích
DSN,Công ty Cổ phần Công viên nước Đầm Sen,Dịch vụ tiêu dùng,"Số 03 Hòa Bình, Phường 3, Quận 11, Thành phố Hồ Chí Minh, Việt Nam",+84 28 38588418,www.damsenwaterpark.com.vn,0302844200,Hàng tiêu dùng không thiết yếu
DTA,Công ty Cổ phần Đệ Tam,Quản lý & Phát triển Bất động sản,"2/6 – 2/8 Núi Thành, Phường 13, Quận Tân Bình, Thành phố Hồ Chí Minh, Việt Nam",+84 28 38108452,www.detamland.com,0303118498,Bất động sản
DTL,Công ty Cổ phần Đại Thiên Lộc ,Nguyên vật liệu,"Lô CN8, đường CN5, KCN Sóng Thần 3, Phường Phú Tân, Thành phố Thủ Dầu Một, Tỉnh Bình Dương, Việt Nam",+84 650 3719999,www.daithienloc.com.vn,3700381282,Nguyên vật liệu
DTT,Công ty Cổ phần Kỹ nghệ Đô Thành ,Nguyên vật liệu,"59-65 Huỳnh Mẫn Đạt, Quận 5, Thành phố Hồ Chí Minh, Việt Nam",+84 28 39235360,www.dothanhtech.com,0303310875,Nguyên vật liệu
DVP,Công ty Cổ phần Đầu tư và Phát triển cảng Đình Vũ,Vận tải,"Cảng Đình Vũ, Phường Đông Hải 2, Quận Hải An, Thành phố Hải Phòng, Việt Nam",+84 225 3769992,www.dinhvuport.com.vn,0200511481,Công nghiệp
DXG,Công ty Cổ phần Tập đoàn Đất Xanh,Quản lý & Phát triển Bất động sản,"Số 2W Ung Văn Khiêm, Phường 25, Quận Bình Thạnh, Thành phố Hồ Chí Minh, Việt Nam",+84 28 62525252,www.datxanh.com.vn,0303104343,Bất động sản
DXS,Công ty Cổ phần Dịch vụ Bất động sản Đất Xanh,Quản lý & Phát triển Bất động sản,,,,,Bất động sản
DXV,Công ty Cổ phần ViCem Vật liệu xây dựng Đà Nẵng,Nguyên vật liệu,"Tầng 06, Tòa nhà DITP, Lô A2-19, Đường Nguyễn Tất Thành nối dài, Phường Hòa Hiệp Nam, Quận Liên Chiểu, Thành phố Đà Nẵng, Việt Nam",+84 236 3605020,www.coxiva.com.vn,0400101820,Nguyên vật liệu
EIB,Ngân hàng Thương mại Cổ phần Xuất nhập khẩu Việt Nam,Ngân hàng,"Tầng 8, Văn phòng số L8-01-11+16, Tòa nhà Vincom Center, số 72 Lê Thánh Tôn, Phường Bến Nghé, Quận 1, Thành phố Hồ Chí Minh, Việt Nam",+84 28 38210055,www.eximbank.com.vn,0301179079,Tài chính
ELC,Công ty Cổ phần Công nghệ - Viễn thông ELCOM,Phần mềm và dịch vụ,"Tòa nhà Elcom, Phố  Duy Tân, Phường Dịch Vọng Hậu, Quận Cầu Giấy, Thành phố Hà Nội, Việt Nam",+84 24 38359359,www.elcom.com.vn,0101435127,Công nghệ thông tin
EMC,Công ty Cổ phần Cơ Điện Thủ Đức,Hàng hóa chủ chốt,"Km số 9 Xa lộ Hà Nội, Phường Trường Thọ, Thành phố Thủ đức, Thành phố Hồ Chí Minh, Việt Nam",+84 28 22141433,www.codientd.com,0301824508,Công nghiệp
EVE,Công ty Cổ phần Everpia,Đồ tiêu dùng và trang trí,"Cụm dân cư Nội Thương, Xã Dương Xá, Huyện Gia Lâm, Thành phố Hà Nội, Việt Nam",+84 24 38276490,www.everpia.vn,0101402121,Hàng tiêu dùng không thiết yếu
EVF,Công ty Tài chính Cổ phần Điện lực,Dịch vụ tài chính,"Tầng 14, 15 và 16 - Tháp B, Tòa nhà EVN, Số 11 Cửa Bắc, Phường Trúc Bạch, Quận Ba Đình, Thành phố Hà Nội, Việt Nam",+84 24 22229999,www.evnfc.vn,0102806367,Tài chính
EVG,Công ty Cổ phần Đầu tư Everland,Hàng hóa chủ chốt,"Tầng 3, Tòa nhà 97-99 Láng Hạ, Phường Láng Hạ, Quận Đống Đa, Thành phố Hà Nội, Việt Nam",(+84) 24666680,www.everland.vn,0104228175,Công nghiệp
FCM,Công ty Cổ phần Khoáng sản FECON ,Nguyên vật liệu,"Cụm công nghiệp Thi Sơn, Xã Thi Sơn, Huyện Kim Bảng, Tỉnh Hà Nam, Việt Nam",+84 226 3533038,www.feconmining.com.vn,0700252549,Nguyên vật liệu
FCN,Công ty Cổ phần FECON,Hàng hóa chủ chốt,"Tầng 15 Tháp CEO, Lô HH2-1 Khu đô thị Mễ Trì Hạ, Đường Phạm Hùng, Phường Mễ Trì, Quận Nam Từ Liêm, Thành phố Hà Nội, Việt Nam",+84 24 62690481,www.fecon.com.vn,0101502599,Công nghiệp
FDC,Công ty Cổ phần Ngoại thương và Phát triển Đầu tư Thành phố Hồ Chí Minh,Quản lý & Phát triển Bất động sản,"28 Phùng Khac Khoan, Phường Đakao, Quận 1, Thành phố Hồ Chí Minh, Việt Nam",+84 28 38221043,www.fidecovn.com,0300590663,Bất động sản
FIR,Công ty Cổ phần Địa ốc First Real,Quản lý & Phát triển Bất động sản,"Số 16 Đường 2/9, Phường Bình Hiên, Quận Hải Châu, Thành phố Đà Nẵng, Việt Nam",+84 236 3616767,www.fir.vn,0401623121,Bất động sản
FIT,Công ty cổ phần Tập đoàn F.I.T,Dịch vụ tài chính,"Tầng 5, Tòa HACC1 Complex Building, Số 35 Đường Lê Văn Lương, Phường Nhân Chính, Quận Thanh Xuân, Thành phố Hà Nội, Việt Nam",+84 24 73094688,www.fitgroup.com.vn,0102182140,Tài chính
FMC,Công ty Cổ phần Thực phẩm Sao Ta ,"Thực phẩm, đồ uống và thuốc lá","Km 2132, Quốc lộ 1A, Phường 2, Thành phố Sóc Trăng, Tỉnh Sóc Trăng, Việt Nam",(+84) 29938222,www.fimexvn.com,2200208753,Hàng tiêu dùng thiết yếu
FPT,Công ty Cổ phần FPT,Phần mềm và dịch vụ,"Số 17  Phố Duy Tân, Phường Dịch Vọng Hậu, Quận Cầu Giấy, Thành phố Hà Nội, Việt Nam",+84 24 73007300,www.fpt.com.vn,0101248141,Công nghệ thông tin
FRT,Công ty cổ phần Bán lẻ Kỹ thuật số FPT,Phân phối & Bán lẻ hàng tiêu dùng,"Số 261-263 Khánh Hội, Phường 2, Quận 4, Thành phố Hồ Chí Minh, Việt Nam",(+84) 24730234,www.frt.vn,0311609355,Hàng tiêu dùng thiết yếu
FTS,Công ty Cổ phần Chứng khoán FPT,Dịch vụ tài chính,"Số 52 Đường Lạc Long Quân, Phường Bưởi, Quận Tây Hồ, Thành phố Hà Nội, Việt Nam",+84 24 37737070,www.fpts.com.vn,0102324187,Tài chính
GAB,Công ty Cổ phần Đầu tư khai khoáng và Quản lý tài sản FLC,Nguyên vật liệu,"Tầng 5, Tòa nhà FLC Landmark Tower, Đường Lê Đức Thọ, Phường Mỹ Đình 2, Quận Nam Từ Liêm, Thành phố Hà Nội, Việt Nam",+84 237 8860866,www.flcgab.vn,2802404931,Nguyên vật liệu
GAS,Tổng Công ty Khí Việt Nam-Công ty Cổ phần,Dịch vụ tiện ích,"Tòa nhà PV Gas Tower, 673 Nguyễn Hữu Thọ, xã Phước Kiển, Huyện Nhà Bè, Thành phố Hồ Chí Minh, Việt Nam",+84 28 37816777,www.pvgas.com.vn,3500102710,Dịch vụ tiện ích
GDT,Công ty Cổ phần Chế biến Gỗ Đức Thành ,Đồ tiêu dùng và trang trí,"21/6D Phan Huy Ích, Phường 14, Quận Gò Vấp, Thành phố Hồ Chí Minh, Việt Nam",+84 28 35894287,www.goducthanh.com,0301449014,Hàng tiêu dùng không thiết yếu
GEG,Công ty Cổ phần Điện Gia Lai,Dịch vụ tiện ích,"114 Trường Chinh, Phường Phù Đổng, Thành phố Pleiku, Tỉnh Gia Lai, Việt Nam",+84 269 6552604,www.geccom.vn,5900181213,Dịch vụ tiện ích
GEX,Công ty Cổ phần Tập đoàn Gelex,Hàng hóa chủ chốt,"Số 52 Lê Đại Hành, Phường Lê Đại Hành, Quận Hai Bà Trưng, Thành phố Hà Nội, Việt Nam",+84 24 39726246,www.gelex.vn,0100100512,Công nghiệp
GIL,Công ty Cổ phần Sản Xuất Kinh Doanh Xuất Nhập Khẩu Bình Thạnh,Đồ tiêu dùng và trang trí,"334A Phan Văn Trị, Phường 11, Quận Bình Thạnh, Thành phố Hồ Chí Minh, Việt Nam",+84 28 38434778,www.gilimex.com,0302181666,Hàng tiêu dùng không thiết yếu
GMC,Công ty cổ phần Garmex Sài Gòn,Đồ tiêu dùng và trang trí,"252 Nguyễn Văn Lượng, Phường 17, Quận Gò Vấp, Thành phố Hồ Chí Minh, Việt Nam",+84 28 39844822,www.garmex.vn,0300742387,Hàng tiêu dùng không thiết yếu
GMD,Công ty Cổ phần Gemadept ,Vận tải,"Cao ốc Gemadept, 6 Lê Thánh Tôn, Phường Bến Nghé, Quận 1, Thành phố Hồ Chí Minh, Việt Nam",+84 28 38236236,www.gemadept.com.vn,0301116791,Công nghiệp
GMH,Công ty cổ phần Minh Hưng Quảng Trị,Nguyên vật liệu,,,,,Nguyên vật liệu
GSP,Công ty Cổ phần Vận tải Sản Phẩm khí Quốc Tế,Năng lượng,"Lầu 9, Tòa nhà Green Power, 35 Tôn Đức Thắng, Quận 1, Thành phố Hồ Chí Minh, Việt Nam",+84 28 22205388,www.gasshipping.com.vn,0305390530,Năng lượng
GTA,Công ty Cổ phần chế biến gỗ Thuận An,Nguyên vật liệu,"Đại lộ Bình Dương, Khu phố Bình Giao, Phường Thuận Giao, Thành phố Thuận An, Tỉnh Bình Dương, Việt Nam",+84 274 3718025,www.gothuanan.vn,3700403867,Nguyên vật liệu
GTN,Công ty cổ phần GTNFOODS,"Thực phẩm, đồ uống và thuốc lá","Số 92 Võ Thị Sáu, Phường Thanh Nhàn, Quận Hai Bà Trưng, Thành phố Hà Nội, Việt Nam",+84 24 62766366,www.gtnfoods.com.vn,0105334948,Hàng tiêu dùng thiết yếu
GVR,Tập đoàn Công nghiệp Cao su Việt Nam,Nguyên vật liệu,"Số 177 Hai Bà Trưng, Phường 6, Quận 3, Thành phố Hồ Chí Minh, Việt Nam",+84 28 39325234,www.vnrubbergroup.com,0301266564,Nguyên vật liệu
HAG,Công ty Cổ phần Hoàng Anh Gia Lai,"Thực phẩm, đồ uống và thuốc lá","15 Trường Chinh, Phường Phù Đổng, Thành phố Pleiku, Tỉnh Gia Lai, Việt Nam",+84 269 2222249,www.hagl.com.vn,5900377720,Hàng tiêu dùng thiết yếu
HAH,Công ty Cổ phần Vận tải và xếp dỡ Hải An ,Vận tải,"Tầng 7, Số 45, Phố Triệu Việt Vương, Phường Bùi Thi Xuân, Quận Hai Bà Trưng, Thành phố Hà Nội, Việt Nam",+84 24 39877515,www.haiants.vn,0103818809,Công nghiệp
HAP,Công ty Cổ phần Tập đoàn HAPACO,Nguyên vật liệu,"Tầng 3 Tòa nhà Green, Số 7 Lô 28A Đường Lê Hồng Phong, Phường Đông Khê, Quận Ngô Quyền, Thành phố Hải Phòng, Việt Nam",+84 225 3556002,www.hapaco.vn,0200371361,Nguyên vật liệu
HAR,Công ty Cổ phần Đầu tư Thương mại Bất động sản An Dương Thảo Điền,Quản lý & Phát triển Bất động sản,"Phòng 1901 Tầng 19 Cao Ốc Mê Linh Point Tower, Số 2 Ngô Đức Kế, Phường Bến Nghé, Quận 1, Thành phố Hồ Chí Minh, Việt Nam",+84 28 62754816,www.adtdgroup.com,0305087904,Bất động sản
HAS,Công ty Cổ phần Hacisco,Hàng hóa chủ chốt,"51 Vũ Trọng Phụng, Quận Thanh Xuân, Thành phố Hà Nội, Việt Nam",+84 24 38581089,www.has.vn,0101116096,Công nghiệp
HAX,Công ty Cổ phần Dịch vụ Ô tô Hàng Xanh,Phân phối & Bán lẻ hàng tiêu dùng,"Số 333 Điện Biên Phủ, Phường 15, Quận Bình Thạnh, Thành phố Hồ Chí Minh, Việt Nam",+84 28 35120026,www.haxaco.com.vn,0302000126,Hàng tiêu dùng thiết yếu
HBC,Công ty Cổ phần Tập đoàn Xây dựng Hòa Bình,Hàng hóa chủ chốt,"Số 235 Đường Võ Thị Sáu, Phường 7, Quận 3, Thành phố Hồ Chí Minh, Việt Nam",(+84) 28393250,https://hbcg.vn/,0302158498,Công nghiệp
HCD,Công ty cổ phần Đầu tư Sản xuất và Thương mại HCD,Hàng hóa chủ chốt,"Số 122B Phố Quang Trung, Phường Quang Trung, Thành phố Hải Dương, Tỉnh Hải Dương, Việt Nam",+84 24 33518419,www.hcdgroup.com.vn,0800940115,Công nghiệp
HCM,Công ty Cổ phần Chứng khoán Thành phố Hồ Chí Minh,Dịch vụ tài chính,"Tầng 5&6, Tòa nhà AB, 76 Lê Lai, Quận 1, Thành phố Hồ Chí Minh, Việt Nam",+84 28 38233299,www.hsc.com.vn,0302910950,Tài chính
HDB,Ngân hàng TMCP Phát triển T.P Hồ Chí Minh,Ngân hàng,"Số 25Bis Nguyễn Thị Minh Khai, Phường Bến Nghé, Quận 1, Thành phố Hồ Chí Minh, Việt Nam",+84 28 38299344,www.hdbank.com.vn,0300608092,Tài chính
HDC,Công ty Cổ phần Phát triển nhà Bà Rịa-Vũng Tàu,Quản lý & Phát triển Bất động sản,"Tầng 3, Tòa nhà HODECO PLAZA, 36 Hoàng Thái Học, Phường 7, Thành phố Vũng Tàu, Tỉnh Bà Rịa - Vũng Tàu, Việt Nam",+84 254 3856274,www.hodeco.vn,3500444601,Bất động sản
HDG,Công ty Cổ phần Tập đoàn Hà Đô,Quản lý & Phát triển Bất động sản,"Số 8 Láng Hạ, Phường Thành Công, Quận Ba Đình, Thành phố Hà Nội, Việt Nam",+84 24 38310347,www.hado.com.vn,0100283802,Bất động sản
HHP,Công ty cổ phần Giấy Hoàng Hà Hải Phòng,Nguyên vật liệu,"Số 194 Đường Kiều Hạ, Phường Đông Hải 2, Quận Hải An, Thành phố Hải Phòng, Việt Nam",+84 225 3979952,www.hhppaper.com,0201282851,Nguyên vật liệu
HHS,Công ty Cổ phần Đầu tư Dịch vụ Hoàng Huy,Hàng hóa chủ chốt,"116 Phố Nguyễn Đức Cảnh, Quận Lê Chân, Thành phố Hải Phòng, Việt Nam",+84 225 3854626,www.hoanghuyhhs.vn,0200815578,Công nghiệp
HHV,Công ty cổ phần Đầu tư Hạ tầng Giao thông Đèo Cả,Vận tải,"27 Bùi Chát, Phường Hòa Khánh Bắc, Quận Liên Chiểu, Thành phố Đà Nẵng, Việt Nam",+84 236 3730574,www.hamadeco.com.vn,0400101965,Công nghiệp
HID,Công ty Cổ phần Halcom Việt Nam,Hàng hóa chủ chốt,"Tầng 9, Tòa nhà Hòa Bình, Số 106 Hoàng Quốc Việt, Phường Nghĩa Đô, Quận Đống Đa, Thành phố Hà Nội, Việt Nam",+84 24 35624709,www.halcom.vn,0101143879,Công nghiệp
HII,Công ty Cổ phần An Tiến Industries,Nguyên vật liệu,"Khu Công nghiệp Phía Nam, Xã Văn Phú, Thành phố Yên Bái, Tỉnh Yên Bái, Việt Nam",+84 216 3853886,www.antienindustries.com,5200466372,Nguyên vật liệu
HMC,Công ty Cổ phần Kim khí Thành phố Hồ Chí Minh - VNSTEEL,Nguyên vật liệu,"193 Đinh Tiên Hoàng, Phường ĐaKao, Quận 1, Thành phố Hồ Chí Minh, Việt Nam",+84 28 38291180,www.metalhcm.com.vn,0300399360,Nguyên vật liệu
HNG,Công ty Cổ phần Nông nghiệp Quốc tế Hoàng Anh Gia Lai,"Thực phẩm, đồ uống và thuốc lá","15 Trường Chinh, Phường Phù Đổng, Thành phố Pleiku, Tỉnh Gia Lai, Việt Nam",+84 269 2222285,www.haagrico.com.vn,5900712753,Hàng tiêu dùng thiết yếu
HPG,Công ty Cổ phần Tập đoàn Hòa Phát,Nguyên vật liệu,"Khu Công nghiệp Phố Nối A, Xã Giai Phạm, Huyện Yên Mỹ, Tỉnh Hưng Yên, Việt Nam",+84 221 3942884,www.hoaphat.com.vn,0900189284,Nguyên vật liệu
HPX,Công ty cổ phần Đầu tư Hải Phát,Quản lý & Phát triển Bất động sản,"Tầng 5, Tòa CT3 Tổ hợp Thương mại Dịch vụ The Pride, Khu đô thị An Hưng, Phường La Khê, Quận Hà Đông, Thành phố Hà Nội, Việt Nam",+84 216 3853886,www.haiphat.com.vn,0500447004,Bất động sản
HQC,Công ty Cổ phần Tư vấn-Thương mại-Dịch vụ Địa ốc Hoàng Quân,Quản lý & Phát triển Bất động sản,"286-288 Huỳnh Văn Bánh, Phường 11, Quận Phú Nhuận, Thành phố Hồ Chí Minh, Việt Nam",+84 28 39144016,www.hoangquan.com.vn,0302087938,Bất động sản
HRC,Công ty Cổ phần Cao su Hòa Bình,Nguyên vật liệu,"Ấp 7, Xã Hòa Bình, Huyện Xuyên Mộc, Tỉnh Bà Rịa - Vũng Tàu, Việt Nam",+84 254 3872104,www.horuco.com.vn,3500657173,Nguyên vật liệu
HSG,Công ty Cổ phần Tập đoàn Hoa Sen,Nguyên vật liệu,"Số 9, Đại lộ Thống Nhất, Khu công nghiệp Sóng Thần II, Phường Dĩ An, Thành phố Dĩ An, Tỉnh Bình Dương, Việt Nam",+84 650 3790955,www.hoasengroup.vn,3700381324,Nguyên vật liệu
HSL,CÔNG TY CỔ PHẦN ĐẦU TƯ PHÁT TRIỂN THỰC PHẨM HỒNG HÀ,"Thực phẩm, đồ uống và thuốc lá","Bản Cung Tà Làng, Xã Tú Nang, Huyện Yên Châu, Tỉnh Sơn La, Việt Nam",+84 24 62962699,www.honghagroup.com.vn,5500512492,Hàng tiêu dùng thiết yếu
HT1,Công ty Cổ phần xi măng VICEM Hà Tiên,Nguyên vật liệu,"360 Bến Chương Dương, phường Cầu Kho, Quận 1, Thành phố Hồ Chí Minh, Việt Nam",+84 28 38966608,www.hatien1.com.vn,0301446422,Nguyên vật liệu
HTL,Công ty Cổ phần Kỹ thuật và Ô tô Trường Long,Phân phối & Bán lẻ hàng tiêu dùng,"Lô 46 Đường 3, Khu Công nghiệp Tân Tạo, Phường Tân Tạo A, Quận Bình Tân, Thành phố Hồ Chí Minh, Việt Nam",+84 28 37543188,www.truonglong.com,0301384695,Hàng tiêu dùng thiết yếu
HTN,Công ty cổ phần Hưng Thịnh Incons,Quản lý & Phát triển Bất động sản,"53 Trần Quốc Thảo , Phường Võ Thị Sáu, Quận 3, Thành phố Hồ Chí Minh, Việt Nam",(+84) 28730758,www.hungthinhincons.com.vn,0305371707,Bất động sản
HTV,Công ty cổ phần Logistics Vicem,Vận tải,"Km7 Xa lộ Hà Nội, Phường Trường Thọ, Quận 2, Thành phố Hồ Chí Minh, Việt Nam",(+84) 28374040,www.vantaihatien.com.vn,0301975289,Công nghiệp
HU1,Công ty Cổ phần Đầu tư và Xây dựng HUD1,Hàng hóa chủ chốt,"Số 168 đường Giải Phóng, Phường Phương Liệt, Quận Thanh Xuân, Thành phố Hà Nội, Việt Nam",+84 24 38687557,www.hud1.vn,0101043264,Công nghiệp
HUB,Công ty Cổ phần Xây lắp Thừa Thiên Huế,Hàng hóa chủ chốt,"Lô 9, Đường Phạm Văn Đồng, Phường Vĩ Dạ, Thành phố Huế, Tỉnh Thừa Thiên Huế, Việt Nam",+84 234 3821510,www.xaylaphue.com.vn,3300101156,Công nghiệp
HVH,Công ty cổ phần Đầu tư và Công nghệ HVC,Hàng hóa chủ chốt,"Tầng 8, tòa tháp C - Hồ Gươm Plaza, số 102 Trần Phú, Phường Mộ Lao, Quận Hà Đông, Thành phố Hà Nội, Việt Nam",(+84) 24354022,www.hvcgroup.net,0104606490,Công nghiệp
HVN,Tổng Công ty Hàng không Việt Nam - CTCP,Vận tải,"Số 200 Phố Nguyễn Sơn, Phường Bồ Đề, Quận Long Biên, Thành phố Hà Nội, Việt Nam",+84 24 38272289,www.vietnamairlines.com,0100107518,Công nghiệp
HVX,Công ty Cổ phần xi măng Vicem Hải Vân ,Nguyên vật liệu,"65 Nguyễn Văn Cừ, Quận Liên Chiểu, Thành phố Đà Nẵng, Việt Nam",+84 236 3842172,www.haivancement.vn,0400101235,Nguyên vật liệu
IBC,Công ty cổ phần Đầu tư APAX HOLDINGS,Dịch vụ tiêu dùng,"Tầng 4, Tòa tháp A, Tòa nhà Sky City Tower, Số 88 Phố Láng Hạ, Phường Láng Hạ, Quận Đống Đa, Thành phố Hà Nội, Việt Nam",+84 24 62629588,www.apaxholdings.com.vn,0105824156,Hàng tiêu dùng không thiết yếu
ICT,Công ty cổ phần Viễn thông - Tin học Bưu điện,Phần mềm và dịch vụ,"158/2 Hồng Mai, P. Quỳnh Lôi, Q. Hai Bà Trưng, Hà Nội, Hai Bà Trưng, Hà Nội, Quận Hai Bà Trưng, Thành phố Hà Nội, Việt Nam",+84 24 38634597,www.ctin.vn,0100683374,Công nghệ thông tin
IDI,Công ty Cổ phần Đầu tư và Phát triển Đa Quốc Gia I.D.I,"Thực phẩm, đồ uống và thuốc lá","Quốc lộ 80, Cụm Công Nghiệp Vàm Cống, Ấp An Thạnh, xã Bình Thành, Huyện Lấp Vò, Tỉnh Đồng Tháp, Việt Nam",+84 277 3680383,www.idiseafood.com,0303141296,Hàng tiêu dùng thiết yếu
IJC,Công ty Cổ phần Phát triển Hạ tầng Kỹ thuật,Hàng hóa chủ chốt,"Tầng 5, Tòa nhà Bacamex Tower, Số 230 Đại lộ Bình Dương, Phường Phú Hòa, Thành phố Thủ Dầu Một, Tỉnh Bình Dương, Việt Nam",+84 650 3848789,www.becamexijc.com,3700805566,Công nghiệp
ILB,Công ty Cổ phần ICD Tân Cảng – Long Bình,Các dịch vụ chuyên biệt và thương mại,"Số 10 Phan Đăng Lưu, Khu phố 7, Phường Long Bình, Thành phố Biên Hòa, Tỉnh Đồng Nai, Việt Nam",+84 251 6255999,www.icdlongbinh.com,3601033213,Công nghiệp
IMP,Công ty Cổ phần dược phẩm Imexpharm,"Dược phẩm, Công nghệ sinh học","Số 4, Đường 30/4, Phường 1, Huyện Cao Lãnh, Tỉnh Đồng Tháp, Việt Nam",+84 277 3851620,www.imexpharm.com,1400384433,Chăm sóc sức khỏe
ITA,Công ty Cổ phần Đầu tư và Công nghiệp Tân Tạo ,Hàng hóa chủ chốt,"Lô 16, Đường 2, Khu Công nghiệp Tân Tạo, Phường Tân Tạo A, Quận Bình Tân, Thành phố Hồ Chí Minh, Việt Nam",+84 28 37505171,www.itaexpress.com.vn,0302670307,Công nghiệp
ITC,Công ty Cổ phần Đầu tư - Kinh doanh nhà,Quản lý & Phát triển Bất động sản,"18 Nguyễn Bỉnh Khiêm - Phường Đakao, Quận 1, Thành phố Hồ Chí Minh, Việt Nam",+84 28 38230256,www.intresco.com.vn,0302199864,Bất động sản
ITD,Công ty Cổ phần Công nghệ Tiên Phong,Các dịch vụ chuyên biệt và thương mại,"Số 01 lầu 1, Tòa nhà Hành chính Công ty TNHH Tân Thuận, Đường Tân Thuận, Phường Tân Thuận Đông, Quận 7, Thành phố Hồ Chí Minh, Việt Nam",+84 28 37701114,www.itd.com.vn,0301596604,Công nghiệp
JVC,Công ty Cổ phần Thiết bị Y tế Việt Nhật,Dịch vụ và thiết bị chăm sóc sức khỏe,"Tầng 24, Tòa nhà ICON 4, 243A Đê La Thành, Phường Láng Thượng, Quận Đống Đa, Thành phố Hà Nội, Việt Nam",+84 24 7737538,www.ytevietnhat.com.vn,0101178800,Chăm sóc sức khỏe
KBC,Tổng Công ty Phát triển Đô thị Kinh Bắc-Công ty Cổ phần,Quản lý & Phát triển Bất động sản,"Lô 7B, Khu công nghiệp Quế Võ, Huyện Quế Võ, Tỉnh Bắc Ninh, Việt Nam",+84 222 3634034,www.kinhbaccity.com,2300233993,Bất động sản
KDC,Công ty Cổ phần tập đoàn Kido ,"Thực phẩm, đồ uống và thuốc lá","138 - 142 Hai Bà Trung, Phường Đa Kao, Quận 1, Thành phố Hồ Chí Minh, Việt Nam",+84 28 38270838,www.kdc.vn,0302705302,Hàng tiêu dùng thiết yếu
KDH,Công ty Cổ phần Đầu tư và Kinh doanh Nhà Khang Điền,Quản lý & Phát triển Bất động sản,"Phòng 1 và 2, Lầu 11, Sài Gòn Centre, 67 Lê Lợi, Phường Bến Nghé, Quận 1, Thành phố Hồ Chí Minh, Việt Nam",+84 28 38208858,www.khangdien.com.vn,0302588596,Bất động sản
KHG,Công ty Cổ phần Tập đoàn Khải Hoàn Land,Quản lý & Phát triển Bất động sản,"R4- 93 Đường Hưng Gia 4, Khu đô thị Phú Mỹ Hưng, Phường Tân Phong, Quận 7, Thành phố Hồ Chí Minh, Việt Nam",None,None,0309139261,Bất động sản
KHP,Công ty Cổ phần Điện lực Khánh Hòa,Dịch vụ tiện ích,"11 Lý Thánh Tông, Phường Vạn Thạnh, Thành phố Nha Trang, Tỉnh Khánh Hòa, Việt Nam",+84 258 3822159,www.pckhanhhoa.cpc.vn,4200601069,Dịch vụ tiện ích
KMR,Công ty Cổ phần Mirae ,Đồ tiêu dùng và trang trí,"Khu phố 1B, Phường An Phú, Thành phố Thuận An, Tỉnh Bình Dương, Việt Nam",+84 274 3791038,www.miraejsc.com,3700393217,Hàng tiêu dùng không thiết yếu
KOS,Công ty cổ phần Kosy,Quản lý & Phát triển Bất động sản,"B6-BT5 Khu đô thị mới Mỹ Đình 2, Phường Mỹ Đình 2, Quận Nam Từ Liêm, Thành phố Hà Nội, Việt Nam",84 24 24378336,www.kosy.vn,0102681319,Bất động sản
KPF,Công ty cổ phần Đầu tư tài chính Hoàng Minh,Nguyên vật liệu,"Tầng 17, Tòa nhà Geleximco, Số 36 Hoàng Cầu, Phường Ô Chợ Dừa, Quận Đống Đa, Thành phố Hà Nội, Việt Nam",(+84) 24399708,www.kpf.com.vn,0103930374,Nguyên vật liệu
KSB,Công ty Cổ phần Khoáng sản và Xây dựng Bình Dương,Nguyên vật liệu,"Đại lộ Bình Dương, Khu phố Hòa Lân 1, Phường Thuận Giao, Thành phố Thuận An, Tỉnh Bình Dương, Việt Nam",+84 650 3822602,www.bimico.com.vn,3700148825,Nguyên vật liệu
L10,Công ty Cổ phần LILAMA 10,Hàng hóa chủ chốt,"Tòa nhà Lilama 10, Phố Tố Hữu, Phường Trung Văn, Quận Nam Từ Liêm, Thành phố Hà Nội, Việt Nam",+84 24 38649584,www.lilama10.com.vn,5400101273,Công nghiệp
LAF,Công ty Cổ phần Chế biến hàng xuất khẩu Long An,"Thực phẩm, đồ uống và thuốc lá","81B Quốc lộ 62, Phường 2, Thành phố Tân An, Tỉnh Long An, Việt Nam",+84 272 3821501,www.lafooco.vn,1100107301,Hàng tiêu dùng thiết yếu
LBM,Công ty Cổ phần Khoáng sản và Vật liệu Xây dựng Lâm Đồng,Nguyên vật liệu,"87 Phù Đổng Thiên Vương, Phường 8, Thành phố Đà Lạt, Tỉnh Lâm Đồng, Việt Nam",+84 263 3828127,www.lbm-vn.vn,5800391633,Nguyên vật liệu
LCG,Công ty Cổ phần LIZEN,Hàng hóa chủ chốt,"Tòa nhà văn phòng LICOGI 16, số 24A Phan Đăng Lưu, Phường 6, Quận Bình Thạnh, Thành phố Hồ Chí Minh, Việt Nam",+84 28 38411375,www.licogi16.vn,0302310209,Công nghiệp
LDG,Công ty Cổ phần Đầu tư LDG ,Quản lý & Phát triển Bất động sản,"Số 104/4 ấp Hòa Bình, Xã Giang Điền, Huyện Trảng Bom, Tỉnh Đồng Nai, Việt Nam",+84 08 38209218,www.ldggroup.vn,3602368420,Bất động sản
LEC,Công ty Cổ phần Bất động sản Điện lực Miền Trung,Quản lý & Phát triển Bất động sản,"Lô A5 Phạm Văn Đồng, Phường An Hải Bắc, Quận Sơn Trà, Thành phố Đà Nẵng, Việt Nam",+84 236 2466466,www.lec.com.vn,0400592801,Bất động sản
LGC,Công ty Cổ phần đầu tư cầu đường CII,Vận tải,"70 Lữ Gia, Phường 12, Quận 11, Thành phố Hồ Chí Minh, Việt Nam",+84 28 38688239,www.ciibr.com.vn,0300482241,Công nghiệp
LGL,Công ty Cổ phần Đầu tư và Phát triển Đô thị Long Giang,Hàng hóa chủ chốt,"Tầng 25, Tháp A Tòa nhà 173 Xuân Thủy, Quận Cầu Giấy, Thành phố Hà Nội, Việt Nam",+84 24 37950595,www.longgiangland.com.vn,0101184201,Công nghiệp
LHG,Công ty Cổ phần Long Hậu ,Quản lý & Phát triển Bất động sản,"Ấp 3, Xã Long Hậu, Huyện Cần Giuộc, Tỉnh Long An, Việt Nam",+84 28 37818929,www.longhau.com.vn,1100727545,Bất động sản
LIX,Công ty Cổ phần Bột giặt Lix,Đồ gia dụng và cá nhân,"Số 3, Đường số 2, Khu phố 4, Phường Linh Trung, Thành phố Thủ đức, Thành phố Hồ Chí Minh, Việt Nam",+84 28 38966803,www.lixco.com,0301444263,Hàng tiêu dùng thiết yếu
LPB,Ngân hàng Thương mại Cổ phần Bưu điện Liên Việt,Ngân hàng,"Tầng 1,3,4,5,6 Tòa nhà ThaiHoldings Tower, Số 210 Đường Trần Quang Khải, Phường Tràng Tiền, Quận Hoàn Kiếm, Thành phố Hà Nội, Việt Nam",+84 24 62668668,www.lienvietpostbank.com.vn,6300048638,Tài chính
LSS,Công ty Cổ phần Mía đường Lam Sơn,"Thực phẩm, đồ uống và thuốc lá","Thị trấn Lam Sơn, Huyện Thọ Xuân, Tỉnh Thanh Hóa, Việt Nam",+84 373 3834091,www.lasuco.com.vn,2800463346,Hàng tiêu dùng thiết yếu
MBB,Ngân hàng Thương mại Cổ phần Quân đội ,Ngân hàng,"Số 18 Lê Văn Lương, Phường Trung Hòa, Quận Cầu Giấy, Thành phố Hà Nội, Việt Nam",+84 24 62661088,www.mbbank.com.vn,0100283873,Tài chính
MCP,Công ty Cổ phần In và Bao bì Mỹ Châu,Nguyên vật liệu,"Số 18 Lũy Bán Bích, Phường Tân Thới Hòa, Huyện Tân Phú, Tỉnh Đồng Nai, Việt Nam",+84 28 39612844,www.mychau.com.vn,0301671386,Nguyên vật liệu
MDG,Công ty Cổ phần Miền Đông,Hàng hóa chủ chốt,"Đường số 1, KCN Biên Hòa 1, Phường An Bình, Thành phố Biên Hòa, Tỉnh Đồng Nai, Việt Nam",+84 251 3836371,www.miendong.com.vn,3600256545,Công nghiệp
MHC,Công ty Cổ phần MHC,Vận tải,"Tầng 18, Số 52, Phố Lê Đại Hành, Phường Lê Đại Hành, Quận Hai Bà Trưng, Thành phố Hà Nội, Việt Nam",+84 24 35770810,www.marinahanoi.com,0100793715,Công nghiệp
MIG,Tổng Công ty Cổ phần Bảo Hiểm Quân Đội,Bảo hiểm,"Tầng 15 - Tòa nhà MIPEC, Số 229 Tây Sơn, Phường Ngã Tư Sở, Quận Đống Đa, Thành phố Hà Nội, Việt Nam",+84 24 62853388,www.mic.vn,0102385623,Tài chính
MSB,Ngân hàng Thương mại Cổ phần Hàng Hải Việt Nam,Ngân hàng,"Số 54A Nguyễn Chí Thanh, Phường Láng Thượng, Quận Đống Đa, Thành phố Hà Nội, Việt Nam",+84 24 37718989,www.msb.com.vn,0200124891,Tài chính
MSH,Công ty cổ phần May Sông Hồng,Đồ tiêu dùng và trang trí,"Số 105 Đường Nguyễn Đức Thuận, Phường Thống Nhất, Thành phố Nam Định, Tỉnh Nam Định, Việt Nam",+84 228 3649365,www.songhong.vn,0600333307,Hàng tiêu dùng không thiết yếu
MSN,Công ty Cổ phần Tập đoàn MaSan,"Thực phẩm, đồ uống và thuốc lá","Phòng 802, Tầng 8, Tòa nhà Central Plaza, Số 17 Lê Duẩn, Phường Bến Nghé, Quận 1, Thành phố Hồ Chí Minh, Việt Nam",+84 28 62563862,www.masangroup.com,0303576603,Hàng tiêu dùng thiết yếu
MWG,Công ty Cổ phần đầu tư thế giới di động,Phân phối & Bán lẻ hàng tiêu dùng,"Số 222 Đường Yersin, Phường Phú Cường, Thành phố Thủ Dầu Một, Tỉnh Bình Dương, Việt Nam",+84 28 38125960,www.mwg.vn,0306731335,Hàng tiêu dùng thiết yếu
NAF,Công ty Cổ phần Nafoods Group ,"Thực phẩm, đồ uống và thuốc lá","47 Nguyễn Cảnh Hoan, Phường Quán Bàu, Thành phố Vinh, Tỉnh Nghệ An, Việt Nam",+84 3 83853322,www.nafoodsgroup.com.vn,2900326375,Hàng tiêu dùng thiết yếu
NAV,Công ty Cổ phần Nam Việt ,Nguyên vật liệu,"18F Tăng Nhơn Phú, Khu phố 4, Phường Phước Long B, Thành phố Thủ đức, Thành phố Hồ Chí Minh, Việt Nam",(+84) 28373134,www.navifico.vn,5700473628,Nguyên vật liệu
NBB,Công ty Cổ phần Đầu tư Năm Bảy Bảy,Quản lý & Phát triển Bất động sản,"Tòa nhà Carina Plaza, 1648 Võ Văn Kiệt, Phường 16, Quận 8, Thành phố Hồ Chí Minh, Việt Nam",+84 28 62577577,www.nbb.com.vn,0303885305,Bất động sản
NCT,Công ty Cổ phần dịch vụ hàng hóa Nội Bài ,Vận tải,"Sân bay Quốc tế Nội Bài, xã Mai Đình, Huyện Sóc Sơn, Thành phố Hà Nội, Việt Nam",+84 24 35840905,www.noibaicargo.com.vn,0101640729,Công nghiệp
NHA,Tổng Công ty Đầu tư Phát triển Nhà và Đô thị Nam Hà Nội,Hàng hóa chủ chốt,"Cụm Công nghiệp Cầu Giát, Xã Chuyên Ngoại, Thị xã Duy Tiên, Tỉnh Hà Nam, Việt Nam",+84 226 3847756,www.namhanoi.com.vn,0700222689,Công nghiệp
NHH,Công ty Cổ phần Nhựa Hà Nội,Nguyên vật liệu,"Tổ 12, Phường Phúc Lợi, Quận Long Biên, Thành phố Hà Nội, Việt Nam",+84 24 38756889,www.hanoiplastics.com.vn,0100100858,Nguyên vật liệu
NHT,Công ty Cổ phần Sản xuất và Thương mại Nam Hoa,Đồ tiêu dùng và trang trí,"71/4a, Đường Hiệp Thành 13, Khu phố 7, Phường Hiệp Thành, Quận 12, Thành phố Hồ Chí Minh, Việt Nam",+84 28 37112054,www.namhoatoys.vn,0303292182,Hàng tiêu dùng không thiết yếu
NKG,Công ty Cổ phần Thép Nam Kim,Nguyên vật liệu,"Lô A1, Đường Đ2, Khu công nghiệp Đồng An 2, Phường Hòa Phú, Thành phố Thủ Dầu Một, Tỉnh Bình Dương, Việt Nam",+84 650 3748848,www.namkimgroup.vn,3700477019,Nguyên vật liệu
NLG,Công ty Cổ phần Đầu tư Nam Long,Quản lý & Phát triển Bất động sản,"6 Nguyễn Khắc Viện, phường Tân Phú, Quận 7, Thành phố Hồ Chí Minh, Việt Nam",+84 28 54161718,www.namlongvn.com,0301438936,Bất động sản
NNC,Công ty Cổ phần Đá Núi Nhỏ,Nguyên vật liệu,"Thửa đất số 1426, Tờ bản đồ số 3, Khu phố Bình Thung 2, Phường Bình An, Thành phố Dĩ An, Tỉnh Bình Dương, Việt Nam",+84 274 3751515,www.nuinho.vn,3700762471,Nguyên vật liệu
NO1,CTCP Tập đoàn 911,Ô tô và linh kiện,,,,,Hàng tiêu dùng không thiết yếu
NSC,Công ty Cổ phần Tập đoàn Giống cây trồng Việt Nam,"Thực phẩm, đồ uống và thuốc lá","Số 1 Lương Định Của, Phường Phương Mai, Quận Đống Đa, Thành phố Hà Nội, Việt Nam",+84 24 38523294,www.vinaseed.com.vn,0101449271,Hàng tiêu dùng thiết yếu
NT2,Công ty Cổ phần Điện lực Dầu khí Nhơn Trạch 2 ,Dịch vụ tiện ích,"Ấp 3, Xã Phước Khánh, Huyện Nhơn Trạch, Tỉnh Đồng Nai, Việt Nam",+84 613 2225899,www.pvpnt2.vn,3600897316,Dịch vụ tiện ích
NTL,Công ty Cổ phần Phát triển đô thị Từ Liêm,Quản lý & Phát triển Bất động sản,"Tầng 2A, No9B1, Khu Đô thị mới Dịch Vọng, Quận Cầu Giấy, Thành phố Hà Nội, Việt Nam",+84 24 22214124,www.lideco.vn,0101533886,Bất động sản
NVL,Công ty cổ phần Tập đoàn Đầu tư Địa ốc No Va,Quản lý & Phát triển Bất động sản,"313B - 315 Nam Kỳ Khởi  Nghĩa, Phường Võ Thị Sáu, Quận 3, Thành phố Hồ Chí Minh, Việt Nam",(+84) 28391536,www.novaland.com.vn,0301444753,Bất động sản
NVT,Công ty Cổ phần Bất động sản Du lịch Ninh Vân Bay,Quản lý & Phát triển Bất động sản,"Tầng 4, Tòa nhà Hoàng Gia, Số 180 Triệu Việt Vương, Phường Nguyễn Du, Quận Hai Bà Trưng, Thành phố Hà Nội, Việt Nam",+84 24 39264950,www.ninhvanbay.vn,0102051941,Bất động sản
OCB,Ngân hàng Thương mại Cổ phần Phương Đông,Ngân hàng,"41 & 45 Lê Duẩn, Phường Bến Nghé, Quận 1, Thành phố Hồ Chí Minh, Việt Nam",+84 28 39435001,www.ocb.com.vn,0300852005,Tài chính
OGC,Công ty Cổ phần Tập đoàn Đại Dương ,Dịch vụ tài chính,"Số 4 Láng Hạ, phường Thành Công, Quận Ba Đình, Thành phố Hà Nội, Việt Nam",+84 24 37726789,www.oceangroup.vn,0102278484,Tài chính
OPC,Công ty Cổ phần Dược phẩm OPC ,"Dược phẩm, Công nghệ sinh học","1017 Hồng Bàng, Phường 12, Quận 6, Thành phố Hồ Chí Minh, Việt Nam",+84 28 37517111,www.opcpharma.com,0302560110,Chăm sóc sức khỏe
ORS,Công ty Cổ phần Chứng khoán Tiên Phong,Dịch vụ tài chính,"Tầng 3, Số 75-77 Nguyễn Thái Bình, Phường Nguyễn Thái Bình, Quận 1, Thành phố Hồ Chí Minh, Việt Nam",+84 28 39144290,www.tpbs.com.vn,0304814339,Tài chính
PAC,Công ty Cổ phần Pin Ắc quy miền Nam,Ô tô và linh kiện,"Số 321 Trần Hưng Đạo, Phường Cô Giang, Quận 1, Thành phố Hồ Chí Minh, Việt Nam",+84 28 39203062,www.pinaco.com.vn,0300405462,Hàng tiêu dùng không thiết yếu
PAN,Công ty Cổ phần Tập đoàn PAN,"Thực phẩm, đồ uống và thuốc lá","Lô A1-9, Đường VL3, Khu Công nghiệp Vĩnh Lộc 2, Xã Long Hiệp, Huyện Bến Lức, Tỉnh Long An, Việt Nam",+84 28 3840686,www.thepangroup.vn,0301472704,Hàng tiêu dùng thiết yếu
PC1,Công ty Cổ phần Xây lắp điện 1,Hàng hóa chủ chốt,"Số 18 Lý Văn Phúc, Phường Cát Linh, Quận Đống Đa, Thành phố Hà Nội, Việt Nam",+84 24 38456329,www.pcc1.vn,0100100745,Công nghiệp
PDN,Công ty Cổ phần Cảng Đồng Nai ,Vận tải,"Phường Long Bình Tân, Thành phố Biên Hòa, Tỉnh Đồng Nai, Việt Nam",+84 251 3832225,www.dongnai-port.com,3600334112,Công nghiệp
PDR,Công ty Cổ phần Phát triển Bất động sản Phát Đạt ,Quản lý & Phát triển Bất động sản,"Tầng 8 và 9 Tháp B, Tòa nhà Viettel, 285 Đường Cách Mạng Tháng Tám, Phường 12, Quận 10, Thành phố Hồ Chí Minh, Việt Nam",(+84) 28222668,www.phatdat.com.vn,0303493756,Bất động sản
PET,Tổng Công ty Cổ phần Dịch vụ Tổng hợp Dầu khí ,Hàng hóa chủ chốt,"Lầu 6, tòa nhà PetroVietnam số 1-5 Lê Duẩn, Phường Bến Nghé, Quận 1, Thành phố Hồ Chí Minh, Việt Nam",+84 28 39117777,www.petrosetco.com.vn,0300452060,Công nghiệp
PGC,Tổng Công ty Gas Petrolimex-Công ty Cổ phần,Năng lượng,"Tầng 20, tòa nhà MIPEC, 229 Tây Sơn, Quận Đống Đa, Thành phố Hà Nội, Việt Nam",+84 24 38641212,www.pgas.petrolimex.com.vn,0101447725,Năng lượng
PGD,Công ty Cổ phần Phân phối khí Thấp áp Dầu khí Việt Nam,Dịch vụ tiện ích,"Lầu 4, tòa nhà CityLight, Số 45 Võ Thị Sáu, P.Đa Kao, Quận 1, Thành phố Hồ Chí Minh, Việt Nam",+84 28 39100616,www.pvgasd.com.vn,0304998686,Dịch vụ tiện ích
PGI,Tổng Công ty Cổ phần Bảo hiểm Petrolimex ,Bảo hiểm,"Tầng 21, Tòa nhà MIPEC, Số 229 Tây Sơn, Ngã Tư Sở, Quận Đống Đa, Thành phố Hà Nội, Việt Nam",+84 24 7760867,www.pjico.com.vn,0100110768,Tài chính
PGV,Tổng Công ty Phát điện 3 - Công ty cổ phần,Dịch vụ tiện ích,"Số 60-66 Đường Nguyễn Cơ Thạch, Khu đô thị Sala, Phường An Lợi Đông, Quận 2, Thành phố Hồ Chí Minh, Việt Nam",(+84) 25438769,www.genco3.com,3502208399,Dịch vụ tiện ích
PHC,Công ty Cổ phần Xây dựng Phục Hưng Holdings,Hàng hóa chủ chốt,"Tầng 1, Tháp A, Toà nhà CT2 (The Light), Đường Tố Hữu, Phường Trung Văn, Quận Nam Từ Liêm, Thành phố Hà Nội, Việt Nam",+84 24 66646520,www.phuchung.com.vn,0101311315,Công nghiệp
PHR,Công ty Cổ phần Cao su Phước Hòa ,Nguyên vật liệu,"Xã Phước Hòa, Huyện Phú Giáo, Tỉnh Bình Dương, Việt Nam",+84 650 3657106,www.phr.vn,3700147532,Nguyên vật liệu
PIT,Công ty Cổ phần Xuất nhập khẩu Petrolimex,Hàng hóa chủ chốt,"54-56 Bùi Hữu Nghĩa, Quận 5, Thành phố Hồ Chí Minh, Việt Nam",+84 28 38383400,www.pitco.com.vn,0301776741,Công nghiệp
PJT,Công ty Cổ phần Vận tải Xăng dầu Đường Thủy Petrolimex,Năng lượng,"Tầng 7, 322 Điện Biên Phủ, Phường 22, Quận Bình Thạnh, Thành phố Hồ Chí Minh, Việt Nam",+84 28 38991101,www.pjtaco.petrolimex.com.vn,0301825283,Năng lượng
PLP,Công ty cổ phần Sản xuất và Công nghệ Nhựa Pha Lê,Nguyên vật liệu,"Lô đất CN4.3 Khu công nghiệp MP Đình Vũ, Khu kinh tế Đình Vũ - Cát Hải, Phường Đông Hải 2, Quận Hải An, Thành phố Hải Phòng, Việt Nam",+84 24 38512603,www.phaleminerals.com.vn,0103018538,Nguyên vật liệu
PLX,Tập đoàn Xăng dầu Việt Nam,Năng lượng,"Số 1 Phố Khâm Thiên, Phường Khâm Thiên, Quận Đống Đa, Thành phố Hà Nội, Việt Nam",+84 24 38512603,www.petrolimex.com.vn,0100107370,Năng lượng
PMG,Công ty Cổ phần Đầu tư và Sản xuất Petro Miền Trung,Dịch vụ tiện ích,"Lô 4, Khu Công nghiệp Điện Nam - Điện Ngọc, Phường Điện Nam Bắc, Thị xã Điện Bàn, Tỉnh Quảng Nam, Việt Nam",+84 235 3947233,www.petrocenter.com.vn,4000462724,Dịch vụ tiện ích
PNC,Công ty Cổ phần văn hoá Phương Nam ,Hàng hóa chủ chốt,"940 Đường 3/2, Phường 15, Quận 11, Thành phố Hồ Chí Minh, Việt Nam",+84 28 38663447,www.pnc.com.vn,0301860552,Công nghiệp
PNJ,Công ty Cổ phần Vàng bạc đá quý Phú Nhuận,Đồ tiêu dùng và trang trí,"170E Phan Đăng Lưu, Phường 3, Quận Phú Nhuận, Thành phố Hồ Chí Minh, Việt Nam",+84 28 39951703,www.pnj.com.vn,0300521758,Hàng tiêu dùng không thiết yếu
POM,Công ty Cổ phần Thép Pomina,Nguyên vật liệu,"Số 1 Đường 27, Khu Công nghiệp Sóng Thần 2, Phường Dĩ An, Thành phố Dĩ An, Tỉnh Bình Dương, Việt Nam",+84 650 3710051,www.pomina-steel.com,3700321364,Nguyên vật liệu
POW,Tổng Công ty Điện lực Dầu khí Việt Nam - Công ty Cổ phần,Dịch vụ tiện ích,"Tầng 8, 9 Tòa nhà Viện Dầu khí, Số 167 Trung Kính, Phường Yên Hòa, Quận Cầu Giấy, Thành phố Hà Nội, Việt Nam",+84 24 22210288,www.pvpower.vn,0102276173,Dịch vụ tiện ích
PPC,Công ty Cổ phần Nhiệt điện Phả Lại ,Dịch vụ tiện ích,"Km 28 Quốc lộ 18, Phường Phả Lại, Thành phố Chí Linh, Tỉnh Hải Dương, Việt Nam",(+84) 32388112,http://ppc.evn.vn/,0800296853,Dịch vụ tiện ích
PSH,Công ty Cổ phần Thương mại Đầu tư Dầu khí Nam Sông Hậu,Năng lượng,"Ấp Phú Thạnh, Thị trấn Mái Dầm, Huyện Châu Thành, Tỉnh Hậu Giang, Việt Nam",+84 293 3737226,www.nshpetro.vn,6300177249,Năng lượng
PTB,Công ty cổ phần Phú Tài,Nguyên vật liệu,"Số 278 đường Nguyễn Thị Định, Phường Nguyễn Văn Cừ, Thành phố Quy Nhơn, Tỉnh Bình Định, Việt Nam",+84 256 3847668,www.phutai.com.vn,4100259236,Nguyên vật liệu
PTC,Công ty Cổ phần Đầu tư ICapital,Hàng hóa chủ chốt,"Tầng 3, tháp C, tòa nhà Golden Palace, đường Mễ Trì, phường Mễ Trì, Quận Nam Từ Liêm, Thành phố Hà Nội, Việt Nam",+84 24 38612360,www.pticjsc.com,0100686544,Công nghiệp
PTL,Công ty Cổ phần Victory Capital,Quản lý & Phát triển Bất động sản,"Trung tâm Thương mại tài chính Dầu khí Phú Mỹ Hưng, số 12 đường Tân Trào, Phường Tân Phú, Quận 7, Thành phố Hồ Chí Minh, Việt Nam",+84 28 39309889,www.petroland.com.vn,0305284081,Bất động sản
PVD,Tổng Công ty Cổ phần Khoan và Dịch vụ khoan dầu khí,Năng lượng,"Lầu 4, Tòa nhà Sailling Tower, Số 111A Pasteur, Phường Bến Nghé, Quận 1, Thành phố Hồ Chí Minh, Việt Nam",+84 28 39142012,www.pvdrilling.com.vn,0302495126,Năng lượng
PVP,Công ty cổ phần Vận tải Dầu khí Thái Bình Dương,Vận tải,"Tầng 3, Tòa nhà PVFCCo, Số 43 Mạc Đĩnh Chi, Phường Đa Kao, Quận 1, Thành phố Hồ Chí Minh, Việt Nam",+84 28 38228546,www.pacific.pvtrans.com,0305475110,Công nghiệp
PVT,Tổng Công ty Cổ phần Vận tải dầu khí,Năng lượng,"Tầng 2, Tòa nhà PVFCCo, 43 Mạc Đĩnh Chi, Phường Đa Kao, Quận 1, Thành phố Hồ Chí Minh, Việt Nam",+84 28 39111301,www.pvtrans.com,0302743192,Năng lượng
QBS,Công ty Cổ phần Xuất nhập khẩu Quảng Bình,Nguyên vật liệu,"Số 23, Lô 01,  Khu 97 Bạch Đằng, Phường Hạ Lý, Quận Hồng Bàng, Thành phố Hải Phòng, Việt Nam",+84 225 6263333,www.quangbinhjsc.com.vn,0200730878,Nguyên vật liệu
QCG,Công ty Cổ phần Quốc Cường Gia Lai ,Quản lý & Phát triển Bất động sản,"Đường Nguyễn Chí Thanh, Phường Trà Bá, Thành phố Pleiku, Tỉnh Gia Lai, Việt Nam",+84 269 3820046,www.quoccuonggialai.com.vn,5900409387,Bất động sản
RAL,Công ty Cổ phần Bóng đèn Phích nước Rạng Đông ,Hàng hóa chủ chốt,"87-89 Hạ Đình, P Thanh Xuân Trung, Quận Thanh Xuân, Thành phố Hà Nội, Việt Nam",+84 24 38584310,www.rangdongvn.com,0101526991,Công nghiệp
RDP,Công ty cổ phần Rạng Đông Holding,Nguyên vật liệu,"190 Lạc Long Quân, Phường 3, Quận 11, Thành phố Hồ Chí Minh, Việt Nam",+84 28 9692272,www.rdplastic.com.vn,0300384357,Nguyên vật liệu
REE,Công ty Cổ phần Cơ điện lạnh,Hàng hóa chủ chốt,"364 Cộng hòa, Phường 13, Quận Tân Bình, Thành phố Hồ Chí Minh, Việt Nam",+84 28 38100017,www.reecorp.com,0300741143,Công nghiệp
S4A,Công ty Cổ phần Thủy điện Sê San 4A,Dịch vụ tiện ích,"650 Lê Duẩn, Thành phố Pleiku, Tỉnh Gia Lai, Việt Nam",+84 269 3756096,www.sesan4a.com.vn,5900413305,Dịch vụ tiện ích
SAB,Tổng Công ty Cổ phần Bia - Rượu - Nước giải khát Sài Gòn,"Thực phẩm, đồ uống và thuốc lá","187 Nguyễn Chí Thanh, Phường 12, Quận 5, Thành phố Hồ Chí Minh, Việt Nam",+84 28 38294081,www.sabeco.com.vn,0300583659,Hàng tiêu dùng thiết yếu
SAM,Công ty Cổ phần SAM HOLDINGS,Hàng hóa chủ chốt,"152/11B Điện Biên Phủ, Phường 25, Quận Bình Thạnh, Thành phố Hồ Chí Minh, Việt Nam",(+84) 28381229,www.samholdings.com.vn,3600253537,Công nghiệp
SAV,Công ty Cổ phần Hợp tác kinh tế và Xuất nhập khẩu SAVIMEX,Đồ tiêu dùng và trang trí,"Số 194 Nguyễn Công Trứ, Phường Nguyễn Thái Bình, Quận 1, Thành phố Hồ Chí Minh, Việt Nam",+84 28 38292806,www.savimex.com.vn,0302317892,Hàng tiêu dùng không thiết yếu
SBA,Công ty Cổ phần Sông Ba,Dịch vụ tiện ích,"573 Núi Thành, Phường Hòa Cường, Quận Hải Châu, Thành phố Đà Nẵng, Việt Nam",+84 236 3653592,www.songba.vn,0400439955,Dịch vụ tiện ích
SBT,Công ty Cổ phần Thành Thành Công - Biên Hòa,"Thực phẩm, đồ uống và thuốc lá","Xã Tân Hưng, Huyện Tân Châu, Tỉnh Tây Ninh, Việt Nam",+84 276 3753256,www.ttcsugar.com.vn,3900244389,Hàng tiêu dùng thiết yếu
SBV,Công ty Cổ phần Siam Brothers Việt Nam,Đồ tiêu dùng và trang trí,"Tòa nhà Anna, Số 10 Khu Công nghiệp phần mềm Quang Trung, Phường Tân Chánh Hiệp, Quận 12, Thành phố Hồ Chí Minh, Việt Nam",+84 28 38912789,www.siambrothersvn.com,0300812161,Hàng tiêu dùng không thiết yếu
SC5,Công ty Cổ phần Xây dựng số 5 ,Hàng hóa chủ chốt,"137 Lê Quang Định, Phường 14, Quận Bình Thạnh, Thành phố Hồ Chí Minh, Việt Nam",+84 28 38412624,www.sc5.vn,0300378152,Công nghiệp
SCD,Công ty Cổ phần Nước giải khát Chương Dương,"Thực phẩm, đồ uống và thuốc lá","379 Bến Chương Dương, phường Cầu Kho, Quận 1, Thành phố Hồ Chí Minh, Việt Nam",+84 28 38367518,www.chuongduong.com.vn,0300584564,Hàng tiêu dùng thiết yếu
SCR,Công ty Cổ phần Địa ốc Sài Gòn Thương Tín,Quản lý & Phát triển Bất động sản,"253 Hoàng Văn Thụ, Phường 2, Quận Tân Bình, Thành phố Hồ Chí Minh, Việt Nam",+84 28 38249988,www.sacomreal.com.vn,0303315400,Bất động sản
SCS,Công ty Cổ phần Dịch vụ Hàng hóa Sài Gòn,Vận tải,"Số 30 Phan Thúc Duyện, Phường 4, Quận Tân Bình, Thành phố Hồ Chí Minh, Việt Nam",+84 28 39976930,www.scsc.vn,0305654014,Công nghiệp
SFC,Công ty Cổ phần Nhiên Liệu Sài Gòn ,Phân phối & Bán lẻ hàng tiêu dùng,"146E Nguyễn Đình Chiểu, Quận Phú Nhuận, Thành phố Hồ Chí Minh, Việt Nam",+84 28 39979292,www.sfc.com.vn,0300631013,Hàng tiêu dùng thiết yếu
SFG,Công ty Cổ phần phân bón Miền Nam,Nguyên vật liệu,"Số 125B Cách Mạng Tháng Tám, Phường 5, Quận 3, Thành phố Hồ Chí Minh, Việt Nam",+84 28 38325889,www.phanbonmiennam.com.vn,0300430500,Nguyên vật liệu
SFI,Công ty Cổ phần Đại lý Vận tải SAFI,Vận tải,"209 Nguyễn Văn Thủ, phường Đa Kao, Quận 1, Thành phố Hồ Chí Minh, Việt Nam",+84 28 38238799,www.safi.com.vn,0301471330,Công nghiệp
SGN,Công ty Cổ phần Phục vụ Mặt đất Sài Gòn ,Vận tải,"Lầu 02, Tòa nhà Cảng hàng không quốc tế Tân Sơn Nhất, Phường 2, Quận Tân Bình, Thành phố Hồ Chí Minh, Việt Nam",+84 28 38485383,www.sags.vn,0312610240,Công nghiệp
SGR,Công ty Cổ phần Tổng Công ty Cổ phần Địa Ốc Sài Gòn,Quản lý & Phát triển Bất động sản,"63 - 65 Điện Biên Phủ, Phường 15, Quận Bình Thạnh, Thành phố Hồ Chí Minh, Việt Nam",+84 28 38405550,www.saigonres.com.vn,0301899038,Bất động sản
SGT,Công ty Cổ phần Công nghệ Viễn thông Sài Gòn,Dịch vụ viễn thông,"Lô 46, Công viên phần mền Quang Trung, Phường Tân Chánh Hiệp, Quận 12, Thành phố Hồ Chí Minh, Việt Nam",+84 28 37159909,www.saigontel.vn,0302615063,Viễn thông
SHA,Công ty Cổ phần Sơn Hà Sài Gòn,Hàng hóa chủ chốt,"292/5 Ấp Tam Đông 2, xã Thới Tam Thôn, Huyện Hóc Môn, Thành phố Hồ Chí Minh, Việt Nam",+84 28 37100101,www.sonhasg.com.vn,0307526635,Công nghiệp
SHB,Ngân hàng Thương mại Cổ phần Sài Gòn - Hà Nội ,Ngân hàng,"Số 77 Trần Hưng Đạo, Quận Hoàn Kiếm, Thành phố Hà Nội, Việt Nam",(+84) 24394233,www.shb.com.vn,1800278630,Tài chính
SHI,Công ty Cổ phần Quốc tế Sơn Hà,Hàng hóa chủ chốt,"Lô số 2, CN1 Cụm Công Nghiệp nhỏ và vừa Từ Liêm, Xã Minh Khai, Quận Bắc Từ Liêm, Thành phố Hà Nội, Việt Nam",+84 24 62656566,www.sonha.com.vn,0100776445,Công nghiệp
SHP,Công ty Cổ phần Thủy điện miền Nam ,Dịch vụ tiện ích,"Phòng 106, Tòa nhà Citilight, 45 Võ Thị Sáu, phường Đa Kao, Quận 1, Thành phố Hồ Chí Minh, Việt Nam",+84 28 38207795,www.shp.com.vn,0303416670,Dịch vụ tiện ích
SJD,Công ty Cổ phần Thủy Điện Cần Đơn,Dịch vụ tiện ích,"Ấp Thanh Thủy, Thị trấn Thanh Bình, Huyện Bù Đốp, Tỉnh Bình Phước, Việt Nam",+84 271 3693359,www.candon.com.vn,3801068943,Dịch vụ tiện ích
SJF,Công Ty Cổ phần Đầu tư Sao Thái Dương,"Thực phẩm, đồ uống và thuốc lá","Tầng 8, Tòa nhà SIMCO Sông Đà, Tiểu khu đô thị mới Vạn Phúc, Phường Vạn Phúc, Quận Hà Đông, Thành phố Hà Nội, Việt Nam",+84 24 33982626,www.stdgroup.vn,0105806767,Hàng tiêu dùng thiết yếu
SJS,Công ty Cổ phần Đầu tư Phát triển Đô thị và Khu công nghiệp Sông Đà,Quản lý & Phát triển Bất động sản,"Tòa nhà SUDICO, Đường Mễ Trì, Phường Mỹ Đình 1, Quận Nam Từ Liêm, Thành phố Hà Nội, Việt Nam",+84 24 37684504,www.sudicosd.com.vn,0101399461,Bất động sản
SKG,Công ty Cổ phần Tàu cao tốc Superdong – Kiên Giang ,Vận tải,"Số 10 Đường 30/04, Khu phố 2, Thị trấn Dương Đông, Thành phố Phú Quốc, Tỉnh Kiên Giang, Việt Nam",+84 297 3980111,www.superdong.com.vn,1700556108,Công nghiệp
SMA,Công ty Cổ phần Thiết bị phụ tùng Sài Gòn,Hàng hóa chủ chốt,"205A Nguyễn Xí, Phường 26, Quận Bình Thạnh, Thành phố Hồ Chí Minh, Việt Nam",(+84) 28351078,www.saigonmachinco.vn,0300542187,Công nghiệp
SMB,Công ty Cổ phần Bia Sài Gòn - Miền Trung ,"Thực phẩm, đồ uống và thuốc lá","Số 01 Nguyễn Văn Linh, Phường Tân An, Thành phố Buôn Ma Thuột, Tỉnh Đắk Lắk, Việt Nam",+84 262 3877519,www.biasaigonmt.com,4100739909,Hàng tiêu dùng thiết yếu
SMC,Công ty Cổ phần Ðầu tư Thương mại SMC,Nguyên vật liệu,"124 Ung Văn Khiêm, phường 25, Quận Bình Thạnh, Thành phố Hồ Chí Minh, Việt Nam",+84 28 38996067,www.smc.vn,0303522206,Nguyên vật liệu
SPM,Công ty Cổ phần S.P.M ,"Dược phẩm, Công nghệ sinh học","Lô 51,Đường số 2, Khu công nghiệp Tân Tạo, Quận Bình Tân, Thành phố Hồ Chí Minh, Việt Nam",+84 28 38771003,www.spm.com.vn,0302271207,Chăm sóc sức khỏe
SRC,Công ty Cổ phần Cao su Sao vàng,Ô tô và linh kiện,"Số 231 Đường Nguyễn Trãi, Phường Thượng Đình, Quận Thanh Xuân, Thành phố Hà Nội, Việt Nam",+84 24 38583656,www.src.com.vn,0100100625,Hàng tiêu dùng không thiết yếu
SRF,Công ty cổ phần Searefico,Hàng hóa chủ chốt,"Lầu 14, Số 72 - 74 Nguyễn Thị Minh Khai, Phường 6, Quận 3, Thành phố Hồ Chí Minh, Việt Nam",+84 28 38227260,www.searefico.com,0301825452,Công nghiệp
SSB,Ngân hàng Thương mại Cổ phần Đông Nam Á,Ngân hàng,,,,,Tài chính
SSC,Công ty Cổ phần Giống cây trồng miền Nam ,"Thực phẩm, đồ uống và thuốc lá","282 Lê Văn Sỹ, Phường 1, Quận Tân Bình, Thành phố Hồ Chí Minh, Việt Nam",+84 28 38442414,www.ssc.com.vn,0302634683,Hàng tiêu dùng thiết yếu
SSI,Công ty Cổ phần chứng khoán SSI,Dịch vụ tài chính,"72 Nguyễn Huệ, Phường Bến Nghé, Quận 1, Thành phố Hồ Chí Minh, Việt Nam",(+84) 28382428,www.ssi.com.vn,0301955155,Tài chính
ST8,Công ty Cổ phần Siêu Thanh ,Các dịch vụ chuyên biệt và thương mại,"A20 Tân Phong, đường Nguyễn Hữu Thọ, phường Tân Phong, Quận 7, Hồ Chí Minh, Quận 7, Thành phố Hồ Chí Minh, Việt Nam",+84 28 62626688,www.st8.vn,0302563707,Công nghiệp
STB,Ngân hàng Thương mại Cổ phần Sài Gòn Thương Tín,Ngân hàng,"266-268 Nam Kì Khởi Nghĩa, Phường Võ Thị Sáu, Quận 3, Thành phố Hồ Chí Minh, Việt Nam",(+84) 28393204,www.sacombank.com.vn,0301103908,Tài chính
STG,Công ty Cổ phần Kho vận miền Nam,Vận tải,"1B Hoàng Diệu, Phường 13, Quận 4, Thành phố Hồ Chí Minh, Việt Nam",+84 28 38253009,www.sotrans.com.vn,0300645369,Công nghiệp
STK,Công ty Cổ phần Sợi thế kỷ ,Đồ tiêu dùng và trang trí,"B1-1 Khu Công Nghiệp Tây Bắc Củ Chi, Xã Tân An Hội, Huyện Củ Chi, Thành phố Hồ Chí Minh, Việt Nam",+84 28 37907565,www.theky.vn,0302018927,Hàng tiêu dùng không thiết yếu
SVC,Công ty Cổ phần dịch vụ tổng hợp Sài Gòn ,Phân phối & Bán lẻ hàng tiêu dùng,"68 Nam Kỳ Khởi Nghĩa, Phường Nguyễn Thái Bình, Quận 1, Thành phố Hồ Chí Minh, Việt Nam",+84 28 38213913,www.savico.com.vn,0301154821,Hàng tiêu dùng thiết yếu
SVI,Công ty Cổ phần Bao bì Biên Hòa,Nguyên vật liệu,"Đường số 7, KCN Biên Hoà, phường An Bình, Thành phố Biên Hòa, Tỉnh Đồng Nai, Việt Nam",+84 251 3836121,www.sovi.com.vn,3600648493,Nguyên vật liệu
SVT,Công ty Cổ phần Công nghệ Sài Gòn Viễn Đông,Dịch vụ tiêu dùng,"Số 102A Phó Cơ Điều, Phường 4, Quận 11, Thành phố Hồ Chí Minh, Việt Nam",+84 28 39560169,www.savitechco.vn,0300716891,Hàng tiêu dùng không thiết yếu
SZC,Công ty cổ phần Sonadezi Châu Đức,Hàng hóa chủ chốt,"Tầng 9, Tòa Nhà Sonadezi, Số 01, đường 1, KCN Biên Hòa 1, Phường An Bình, Thành phố Biên Hòa, Tỉnh Đồng Nai, Việt Nam",+84 251 8860788,www.sonadezichauduc.com.vn,3600899948,Công nghiệp
SZL,Công ty Cổ phần Sonadezi Long Thành,Quản lý & Phát triển Bất động sản,"Khu Công nghiệp Long Thành, Xã Tam An, Huyện Long Thành, Tỉnh Đồng Nai, Việt Nam",+84 251 3514494,www.szl.com.vn,3600649539,Bất động sản
TAC,Công ty Cổ phần Dầu thực vật Tường An,"Thực phẩm, đồ uống và thuốc lá","Lầu 10, Tòa nhà Empress Tower, Số 138-142 Đường Hai Bà Trưng, Phường Đa Kao, Quận 1, Thành phố Hồ Chí Minh, Việt Nam",+84 28 38153972,www.tuongan.com.vn,0303498754,Hàng tiêu dùng thiết yếu
TBC,Công ty Cổ phần Thủy điện Thác Bà,Dịch vụ tiện ích,"Tổ dân phố 1, Thị trấn Thác Bà, Huyện Yên Bình, Tỉnh Yên Bái, Việt Nam",+84 216 3884116,www.thacba.com.vn,5200240495,Dịch vụ tiện ích
TCB,Ngân hàng TMCP Kỹ Thương Việt Nam (Techcombank),Ngân hàng,"Số 191 Bà Triệu, Phường Lê Đại Hành, Quận Hai Bà Trưng, Thành phố Hà Nội, Việt Nam",+84 24 39446368,www.techcombank.com.vn,0100230800,Tài chính
TCD,Công ty Cổ phần Đầu tư Phát triển Công nghiệp và Vận tải,Hàng hóa chủ chốt,"Số 89 Cách Mạng Tháng Tam, Phường Bến Thành, Quận 1, Thành phố Hồ Chí Minh, Việt Nam",(+84) 28383303,www.tracodi.com.vn,0300482393,Công nghiệp
TCH,Công ty Cổ phần Đầu tư Dịch vụ Tài chính Hoàng Huy,Hàng hóa chủ chốt,"116 Nguyễn Đức Cảnh, Phường Cát Dài, Quận Lê Chân, Thành phố Hải Phòng, Việt Nam",(+84) 22536100,www.hoanghuy.vn,0200117929,Công nghiệp
TCL,Công ty Cổ phần Đại lý giao nhận Vận tải xếp dỡ Tân Cảng ,Vận tải,"470 Đường Đồng Văn Cống, Phường Thạnh Mỹ Lợi, Thành phố Thủ đức, Thành phố Hồ Chí Minh, Việt Nam",(+84) 28374235,www.tancanglogistics.com.vn,0304875444,Công nghiệp
TCM,Công ty Cổ phần Dệt may - Đầu tư - Thương mại Thành Công ,Đồ tiêu dùng và trang trí,"36 Tây Thạnh, Phường Tây Thạnh, Huyện Tân Phú, Tỉnh Đồng Nai, Việt Nam",+84 28 38153962,www.thanhcong.com.vn,0301446221,Hàng tiêu dùng không thiết yếu
TCO,Công ty Cổ phần Vận tải đa phương thức Duyên Hải ,Vận tải,"Số 189 Đình Vũ, phường Đông Hải 2, Quận Hải An, Thành phố Hải Phòng, Việt Nam",+84 225 3978895,www.tasaduyenhai.com,0200793081,Công nghiệp
TCR,Công ty Cổ phần Công Nghiệp Gốm sứ Taicera ,Hàng hóa chủ chốt,"Khu Công nghiệp Gò Dầu, Xã Phước Thái, Huyện Long Thành, Tỉnh Đồng Nai, Việt Nam",+84 251 3841594,www.taicera.com,3600254001,Công nghiệp
TCT,Công ty Cổ phần Cáp treo Núi Bà Tây Ninh ,Dịch vụ tiêu dùng,"Khu phố Ninh Phú, Phường Ninh Sơn, Thành phố Tây Ninh, Tỉnh Tây Ninh, Việt Nam",+84 276 3624022,www.catour.com.vn,3900309621,Hàng tiêu dùng không thiết yếu
TDC,Công ty Cổ phần Kinh doanh và Phát triển Bình Dương,Quản lý & Phát triển Bất động sản,"Số 26 - 27, Lô I - Đường Đồng Khởi, Phường Phú Hòa, Thành phố Thủ Dầu Một, Tỉnh Bình Dương, Việt Nam",+84 650 2220666,www.becamextdc.com.vn,3700413826,Bất động sản
TDG,Công ty Cổ phần Đầu tư TDG GLOBAL,Phân phối & Bán lẻ hàng tiêu dùng,"Lô D1, Khu Công nghiệp Đình Trám, Thị trấn Nếch, Huyện Việt Yên, Tỉnh Bắc Giang, Việt Nam",+84 204 2244900,www.thaiduongpetrol.vn,2400345718,Hàng tiêu dùng thiết yếu
TDH,Công ty Cổ phần Phát triển nhà Thủ Đức,Quản lý & Phát triển Bất động sản,"Số 3-5 Pasteur, Phường Nguyễn Thái Bình, Quận 1, Thành phố Hồ Chí Minh, Việt Nam",+84 28 39333090,www.thuduchouse.com,0302346036,Bất động sản
TDM,Công ty cổ phần Nước Thủ Dầu Một,Dịch vụ tiện ích,"Số 11B Đường Ngô Văn Trị, Phường Phú Lợi, Thành phố Thủ Dầu Một, Tỉnh Bình Dương, Việt Nam",84 274 3842255,www.tdmwater.vn,3702226772,Dịch vụ tiện ích
TDP,Công ty Cổ phần Thuận Đức,Nguyên vật liệu,"Thôn Bằng Ngang, Thị trấn Lương Bằng, Huyện Kim Động, Tỉnh Hưng Yên, Việt Nam",+84 221 3810705,www.thuanducjsc.com.vn,0900264799,Nguyên vật liệu
TDW,Công ty Cổ phần Cấp nước Thủ Đức,Dịch vụ tiện ích,"Số 8 Đường Khổng Tử, Phường Bình Thọ, Thành phố Thủ đức, Thành phố Hồ Chí Minh, Việt Nam",+84 28 38960240,www.capnuocthuduc.vn,0304803601,Dịch vụ tiện ích
TEG,Công ty Cổ phần Năng lượng và Bất động sản Trường Thành,Quản lý & Phát triển Bất động sản,"Số 14-16, Phố Hàm Long, Phường Phan Chu Trinh, Quận Hoàn Kiếm, Thành phố Hà Nội, Việt Nam",+84 24 35599599,www.tecgroup.vn,0105167260,Bất động sản
TGG,Công ty cổ phần Louis Capital,Hàng hóa chủ chốt,"Tầng 5, Tòa nhà SME Hoàng Gia, Đường Tô Hiệu, Phường Quang Trung, Quận Hà Đông, Thành phố Hà Nội, Việt Nam",+84 24 66625372,www.truonggiangjsc.com.vn,0105787835,Công nghiệp
THG,Công ty Cổ phần Đầu tư và Xây dựng Tiền Giang ,Nguyên vật liệu,"Số 46 - 48 Nguyễn Công Bình, Phường 9, Thành phố Mỹ Tho, Tỉnh Tiền Giang, Việt Nam",+84 273 3872878,www.ticco.com.vn,1200526842,Nguyên vật liệu
THI,Công ty Cổ phần Thiết bị điện,Hàng hóa chủ chốt,"Đường số 9, Khu Công nghiệp Biên Hòa 1, Thành phố Biên Hòa, Tỉnh Đồng Nai, Việt Nam",+84 251 3836443,www.thibidi.com,3600253826,Công nghiệp
TIP,Công ty Cổ phần Phát triển Khu công nghiệp Tín Nghĩa,Hàng hóa chủ chốt,"Đường 6, Khu Công nghiệp Tam Phước, Thành phố Biên Hòa, Tỉnh Đồng Nai, Việt Nam",+84 251 3512063,www.tinnghiaip.com.vn,3600964611,Công nghiệp
TIX,Công ty Cổ phần Sản xuất Kinh doanh Xuất nhập khẩu Dịch vụ và Đầu tư Tân Bình ,Quản lý & Phát triển Bất động sản,"325 Lý Thường Kiệt, Phường 9, Quận Tân Bình, Thành phố Hồ Chí Minh, Việt Nam",+84 28 38686378,www.tanimex.com.vn,0301464904,Bất động sản
TLD,Công ty Cổ phần Đầu tư Xây dựng và Phát triển Đô thị Thăng Long,Nguyên vật liệu,"Thôn Trung, Xã Liên Trung, Huyện Đan Phượng, Thành phố Hà Nội, Việt Nam",(+84) 24336310,www.thanglongdeco.com,0500383583,Nguyên vật liệu
TLG,Công ty Cổ phần Tập đoàn Thiên Long,Các dịch vụ chuyên biệt và thương mại,"Lô 6-8-10-12 Đường số 3, KCN Tân Tạo, Phường Tân Tạo A, Quận Bình Tân, Thành phố Hồ Chí Minh, Việt Nam",+84 28 37505555,www.thienlonggroup.com,0301464830,Công nghiệp
TLH,Công ty Cổ phần Tập đoàn thép Tiến Lên,Nguyên vật liệu,"G4A, Đường Đồng Khởi, Phường Tân Hiệp, Thành phố Biên Hòa, Tỉnh Đồng Nai, Việt Nam",+84 251 3823187,www.tienlengroup.com.vn,3600512830,Nguyên vật liệu
TMP,Công ty Cổ phần Thủy điện Thác Mơ,Dịch vụ tiện ích,"Khu 5, thị trấn Thác Mơ, Thị xã Phước Long, Tỉnh Bình Phước, Việt Nam",+84 271 2216308,www.tmhpp.com.vn,3800311306,Dịch vụ tiện ích
TMS,CÔNG TY CỔ PHẦN TRANSIMEX,Vận tải,"Lầu 9 – 10, số 172 Hai Bà Trưng, Phường Đa Kao, Quận 1, Thành phố Hồ Chí Minh, Việt Nam",+84 28 22202888,www.transimex.com.vn,0301874259,Công nghiệp
TMT,Công ty Cổ phần Ô tô TMT ,Ô tô và linh kiện,"Tầng 9+10 Tòa nhà CONINCO, Số 4 Tôn Thất Tùng, Phường Trung Tự, Quận Hai Bà Trưng, Thành phố Hà Nội, Việt Nam",+84 24 38628205,www.tmt-vietnam.com.vn,0100104563,Hàng tiêu dùng không thiết yếu
TN1,CÔNG TY CỔ PHẦN THƯƠNG MẠI DỊCH VỤ TNS HOLDINGS,Quản lý & Phát triển Bất động sản,"Tầng 25, Tòa tháp A, 54A Nguyễn Chí Thanh, Phường Láng Thượng, Quận Đống Đa, Thành phố Hà Nội, Việt Nam",+84 269 3833005,www.tnsholdings.vn,0106673358,Bất động sản
TNA,Công ty Cổ phần Thương Mại Xuất Nhập Khẩu Thiên Nam,Hàng hóa chủ chốt,"111 - 121 (tầng 11 - 12) Ngô Gia Tự, Phường 2, Quận 10, Thành phố Hồ Chí Minh, Việt Nam",+84 28 38348982,www.thiennamgroup.vn,0301172041,Công nghiệp
TNC,Công ty Cổ phần Cao su Thống Nhất,Ô tô và linh kiện,"Số 256 đường 27 tháng 4, phường Phước Hưng, Thành phố Bà Rịa, Tỉnh Bà Rịa - Vũng Tàu, Việt Nam",+84 254 3823119,www.trc.com.vn,3800406406,Hàng tiêu dùng không thiết yếu
TNH,Công ty Cổ phần Bệnh viện Quốc tế Thái Nguyên,Dịch vụ và thiết bị chăm sóc sức khỏe,"Số 328 Đường Lương Ngọc Quyến, Phường Đồng Quang, Thành phố Thái Nguyên, Tỉnh Thái Nguyên, Việt Nam",+84 226 3829569,www.benhvienquoctethainguyen.com,4601039023,Chăm sóc sức khỏe
TNI,Công ty Cổ phần Tập đoàn Thành Nam,Nguyên vật liệu,"Tầng 3, Tòa nhà FLC Landmark Tower, Phường Mỹ Đình 2, Quận Nam Từ Liêm, Thành phố Hà Nội, Việt Nam",+84 24 37871397,www.thanhnamgroup.com.vn,0101515686,Nguyên vật liệu
TNT,Công ty cổ phần tập đoàn TNT,Nguyên vật liệu,"Tầng 19, Tòa nhà Thăng Long, Số 98 Ngụy Như Kon Tum, Phường Nhân Chính, Quận Thanh Xuân, Thành phố Hà Nội, Việt Nam",+84 24 62510894,www.tainguyen.vn,5700568397,Nguyên vật liệu
TPB,Ngân hàng Thương mại cổ phần Tiên Phong,Ngân hàng,"57 Lý Thường Kiệt, Phường Trần Hưng Đạo, Quận Hoàn Kiếm, Thành phố Hà Nội, Việt Nam",(+84) 24376889,www.tpb.vn,0102744865,Tài chính
TPC,Công ty Cổ phần Nhựa Tân Đại Hưng,Nguyên vật liệu,"414 Lầu 5, Luỹ Bán Bích, P Hoà Thạnh, Huyện Tân Phú, Tỉnh Đồng Nai, Việt Nam",+84 28 39737277,www.tandaihungplastic.com,0302760102,Nguyên vật liệu
TRA,Công ty Cổ phần Traphaco ,"Dược phẩm, Công nghệ sinh học","Số 75 Phố Yên Ninh, Quận Ba Đình, Thành phố Hà Nội, Việt Nam",+84 24 38430076,www.traphaco.com.vn,0100108656,Chăm sóc sức khỏe
TRC,Công ty Cổ phần Cao su Tây Ninh,Nguyên vật liệu,"Hiệp Thành, Huyện Gò Dầu, Tỉnh Tây Ninh, Việt Nam",+84 276 3853606,www.taniruco.com,3900242776,Nguyên vật liệu
TSC,Công ty Cổ phần Vật tư kỹ thuật nông nghiệp Cần Thơ,Hàng hóa chủ chốt,"1D Phạm Ngũ Lão, Phường Thái Bình, Quận Ninh Kiều, Thành phố Cần Thơ, Việt Nam",+84 71 3825848,www.tsccantho.com.vn,1800518314,Công nghiệp
TTA,Công ty Cổ phần Đầu tư Xây dựng và Phát triển Trường Thành,Dịch vụ tiện ích,"Thôn Nậm Cưởm, Xã Nậm Búng, Huyện Văn Chấn, Tỉnh Yên Bái, Việt Nam",+84 216 3897359,www.truongthanhgroup.com.vn,0102899812,Dịch vụ tiện ích
TTB,Công ty Cổ phần Tập đoàn Tiến Bộ,Nguyên vật liệu,"Ngõ 1, Đường Bắc Kạn, Tổ 2, Phường Hoàng Văn Thụ, Thành phố Thái Nguyên, Tỉnh Thái Nguyên, Việt Nam",+84 208 3756699,www.tienbo.vn,4600359768,Nguyên vật liệu
TTE,Công ty cổ phần Đầu tư Năng lượng Trường Thịnh,Dịch vụ tiện ích,"507 Duy Tân, Phường Duy Tân, Thành phố Kon Tum, Tỉnh Kon Tum, Việt Nam",+84 260 3868119,www.dientruongthinh.com.vn,6101177237,Dịch vụ tiện ích
TTF,Công ty Cổ phần Tập đoàn Kỹ nghệ gỗ Trường Thành ,Đồ tiêu dùng và trang trí,"Đường ĐT 747, Khu phố 7, Phường Uyên Hưng, Thị xã Tân Uyên, Tỉnh Bình Dương, Việt Nam",+84 274 3740690,www.truongthanh.com,3700530696,Hàng tiêu dùng không thiết yếu
TV2,Công ty Cổ phần Tư vấn Xây dựng điện 2,Hàng hóa chủ chốt,"Số 32 Ngô Thời Nhiệm, Phường Võ Thị Sáu, Quận 3, Thành phố Hồ Chí Minh, Việt Nam",(+84) 28222164,www.pecc2.com,0300420157,Công nghiệp
TVB,Công ty Cổ phần Chứng khoán Trí Việt,Dịch vụ tài chính,"Tầng 2, Số 142 Phố Đội Cấn, Quận Ba Đình, Thành phố Hà Nội, Việt Nam",+84 24 62732059,www.tvsc.vn,0103015199,Tài chính
TVS,Công ty Cổ phần Chứng Khoán Thiên Việt,Dịch vụ tài chính,"Tòa nhà TĐL, 22 Láng Hạ, Quận Đống Đa, Thành phố Hà Nội, Việt Nam",+84 24 32484820,www.tvs.vn,0102114648,Tài chính
TVT,Tổng công ty Việt Thắng - CTCP,Đồ tiêu dùng và trang trí,"127 Lê Văn Chí, Phường Linh Trung, Quận 2, Thành phố Hồ Chí Minh, Việt Nam",(+84) 28389693,www.vietthang.com.vn,0301445210,Hàng tiêu dùng không thiết yếu
TYA,Công ty Cổ phần Dây và Cáp điện Taya Việt Nam ,Hàng hóa chủ chốt,"Số 1 đường 1A, KCN Biên Hòa II, Phường An Bình, Thành phố Biên Hòa, Tỉnh Đồng Nai, Việt Nam",+84 251 3836361,www.taya.com.vn,3600241468,Công nghiệp
UIC,Công ty Cổ phần Đầu tư phát triển Nhà và Đô thị IDICO ,Dịch vụ tiện ích,"Đường số 4, Khu Công nghiệp Nhơn Trạch 1, Xã Phước Thiền, Huyện Nhơn Trạch, Tỉnh Đồng Nai, Việt Nam",+84 251 3560614,www.idico-udico.com.vn,3600486108,Dịch vụ tiện ích
VAF,Công ty Cổ phần Phân lân nung chảy Văn Điển,Nguyên vật liệu,"Đường Phan Trọng Tuệ, Thị Trấn Văn Điển, Huyện Thanh Trì, Thành phố Hà Nội, Việt Nam",+84 24 36884489,www.vafco.vn,0100103143,Nguyên vật liệu
VCA,Công ty Cổ phần Thép VICASA - VNSTEEL,Nguyên vật liệu,"Đường số 9, Khu Công nghiệp Biên Hòa I, Thành phố Biên Hòa, Tỉnh Đồng Nai, Việt Nam",+84 251 3836148,www.vicasasteel.com,3600961762,Nguyên vật liệu
VCB,Ngân hàng Thương mại Cổ phần Ngoại thương Việt Nam ,Ngân hàng,"198 Trần Quang Khải, Quận Hoàn Kiếm, Thành phố Hà Nội, Việt Nam",+84 24 39343137,www.vietcombank.com.vn,0100112437,Tài chính
VCF,Công ty Cổ phần Vinacafé Biên Hòa,"Thực phẩm, đồ uống và thuốc lá","Khu Công nghiệp Biên Hòa I, Phường An Bình, Thành phố Biên Hòa, Tỉnh Đồng Nai, Việt Nam",+84 251 3836554,www.vinacafebienhoa.com,3600261626,Hàng tiêu dùng thiết yếu
VCG,Tổng Công ty Cổ phần Xuất nhập khẩu và xây dựng Việt Nam ,Hàng hóa chủ chốt,"Tòa nhà Vinaconex, Khu đô thị Trung Hòa - Nhân Chính, Phường Nhân Chính, Quận Thanh Xuân, Thành phố Hà Nội, Việt Nam",+84 24 2249292,www.vinaconex.com.vn,0100105616,Công nghiệp
VCI,Công ty Cổ phần Chứng khoán Bản Việt,Dịch vụ tài chính,"Tầng 15 - Tháp Tài chính Bitexco,  Số 2 Hải Triều, Quận 1, Thành phố Hồ Chí Minh, Việt Nam",+84 28 39143588,www.vcsc.com.vn,0305299779,Tài chính
VDP,Công ty Cổ phần Dược phẩm Trung ương Vidipha,"Dược phẩm, Công nghệ sinh học","184/2 Lê Văn Sỹ, Phường 10, Quận Phú Nhuận, Thành phố Hồ Chí Minh, Việt Nam",(+84) 08384401,www.vidipha.com.vn,0300470246,Chăm sóc sức khỏe
VDS,Công ty Cổ phần Chứng khoán Rồng Việt,Dịch vụ tài chính,"Tầng 1-2-3-4 Tòa nhà VietDragon, 141 Nguyễn Du, Phường Bến Thành, Quận 1, Thành phố Hồ Chí Minh, Việt Nam",+84 28 62992006,www.vdsc.com.vn,0304734965,Tài chính
VFG,Công ty Cổ phần Khử trùng Việt Nam ,Nguyên vật liệu,"Số 29 Đường Tôn Đức Thắng, Phường Bến Nghé, Quận 1, Thành phố Hồ Chí Minh, Việt Nam",+84 28 38228097,www.vfc.com.vn,0302327629,Nguyên vật liệu
VGC,Tổng Công ty Viglacera - CTCP,Hàng hóa chủ chốt,"Tầng 16 và 17, Tòa nhà Viglacera, Số 1 Đại lộ Thăng Long, phường Mễ Trì, Quận Nam Từ Liêm, Thành phố Hà Nội, Việt Nam",+84 24 35536660,www.viglacera.com.vn,0100108173,Công nghiệp
VHC,Công ty Cổ phần Vĩnh Hoàn,"Thực phẩm, đồ uống và thuốc lá","Quốc lộ 30, Phường 11, Huyện Cao Lãnh, Tỉnh Đồng Tháp, Việt Nam",+84 277 3891166,www.vinhhoan.com,1400112623,Hàng tiêu dùng thiết yếu
VHM,Công ty cổ phần Vinhomes,Quản lý & Phát triển Bất động sản,"Tòa nhà văn phòng Symphony, Đường Chu Huy Mân, Khu đô thị sinh thái Vinhomes Riverside, Phường Phúc Lợi, Quận Long Biên, Thành phố Hà Nội, Việt Nam",+84 24 39749350,www.vinhomes.vn,0102671977,Bất động sản
VIB,Ngân hàng Thương mại Cổ phần Quốc tế Việt Nam,Ngân hàng,"Tầng 1 và 2 Tòa nhà Sailing Tower, Số 111A Paster, Phường Bến Nghé, Quận 1, Thành phố Hồ Chí Minh, Việt Nam",+84 28 62999039,www.vib.com.vn,0100233488,Tài chính
VIC,Tập đoàn VINGROUP - CTCP,Quản lý & Phát triển Bất động sản,"Số 7, Đường Bằng Lăng 1, Phường Việt Hưng, Quận Long Biên, Thành phố Hà Nội, Việt Nam",+84 24 39749999,www.vingroup.net,0101245486,Bất động sản
VID,Công ty Cổ phần Đầu tư Phát triển Thương mại Viễn Đông,Nguyên vật liệu,"129 Âu Cơ, Phường 14, Quận Tân Bình, Thành phố Hồ Chí Minh, Việt Nam",+84 28 38496056,www.dautuviendong.vn,0300377536,Nguyên vật liệu
VIP,Công ty Cổ phần Vận tải Xăng dầu VIPCO,Vận tải,"Số 37 Phan Bội Châu, Phường Quang Trung, Quận Hồng Bàng, Thành phố Hải Phòng, Việt Nam",+84 225 3838680,www.vipco.com.vn,0200113152,Công nghiệp
VIS,Công ty Cổ phần Thép Việt Ý,Nguyên vật liệu,"KCN Phố Nối A, Xã Giai Phạm, Huyện Yên Mỹ, Tỉnh Hưng Yên, Việt Nam",+84 221 3942427,www.vis.com.vn/index.php,0900222647,Nguyên vật liệu
VIX,CÔNG TY CỔ PHẦN CHỨNG KHOÁN VIX,Dịch vụ tài chính,"Tầng 22, Số 52 Phố Lê Đại Hành, Phường Lê Đại Hành, Quận Hai Bà Trưng, Thành phố Hà Nội, Việt Nam",+84 24 44568888,www.vixs.vn,0102576064,Tài chính
VJC,Công ty cổ phần Hàng không VIETJET,Vận tải,"302/3 Phố Kim Mã, Phường Ngọc Khánh, Quận Ba Đình, Thành phố Hà Nội, Việt Nam",+84 24 71086668,www.vietjetair.com,0102325399,Công nghiệp
VMD,Công ty Cổ phần Y Dược phẩm Vimedimex ,Dịch vụ và thiết bị chăm sóc sức khỏe,"Tầng 8, Tòa nhà Vimedimex Group, Số 46-48 Bà Triệu, Phường Hàng Bài, Quận Hoàn Kiếm, Thành phố Hà Nội, Việt Nam",+84 28 38990164,www.vietpharm.com.vn,0300479760,Chăm sóc sức khỏe
VND,Công ty Cổ phần Chứng khoán VNDIRECT,Dịch vụ tài chính,"Số 1 Nguyễn Thượng Hiền, Phường Nguyễn Du, Quận Hai Bà Trưng, Thành phố Hà Nội, Việt Nam",+84 24 39724568,www.vndirect.com.vn,0102065366,Tài chính
VNE,Tổng Công ty Cổ phần Xây dựng điện Việt Nam,Hàng hóa chủ chốt,"344 Phan Châu Trinh, phường Bình Thuận, Quận Hải Châu, Thành phố Đà Nẵng, Việt Nam",+84 236 3562361,www.vneco.vn,0400101450,Công nghiệp
VNG,Công ty Cổ phần Du lịch Thành Thành Công,Dịch vụ tiêu dùng,"253 Hoàng Văn Thụ, Phường 2, Quận Phú Nhuận, Thành phố Hồ Chí Minh, Việt Nam",+84 190 0558855,www.ttctourist.vn,3500753423,Hàng tiêu dùng không thiết yếu
VNL,Công ty Cổ phần LOGISTICS VINALINK ,Vận tải,"226/2 Lê Văn Sỹ, Phường 1, Quận Tân Bình, Thành phố Hồ Chí Minh, Việt Nam",+84 28 38255389,www.vinalinklogistics.com,0301776205,Công nghiệp
VNM,Công ty Cổ phần Sữa Việt Nam,"Thực phẩm, đồ uống và thuốc lá","Số 10 Đường Tân Trào, Phường Tân Phú, Quận 7, Thành phố Hồ Chí Minh, Việt Nam",+84 28 54155555,www.vinamilk.com.vn,0300588569,Hàng tiêu dùng thiết yếu
VNS,Công ty Cổ phần Ánh Dương Việt Nam ,Vận tải,"648 Nguyễn Trãi, Phường 11, Quận 5, Thành phố Hồ Chí Minh, Việt Nam",+84 28 38277178,www.vinasuncorp.com,0302035520,Công nghiệp
VOS,Công ty Cổ phần Vận tải biển Việt Nam ,Vận tải,"215 Lạch Tray, Ngô Quyền, Hải Phòng, Quận Ngô Quyền, Thành phố Hải Phòng, Việt Nam",+84 225 3731090,www.vosco.com.vn,0200106490,Công nghiệp
VPB,Ngân hàng Thương mại Cổ phần Việt Nam thịnh vượng,Ngân hàng,"Số 89 Láng Hạ, Quận Đống Đa, Thành phố Hà Nội, Việt Nam",+84 24 39288869,www.vpbank.com.vn,0100233583,Tài chính
VPD,Công ty Cổ phần Phát triển Điện Lực Việt Nam,Dịch vụ tiện ích,"Tầng 2 - CT2 - 286 Nguyễn Xiển, Xã Tân Triều, Huyện Thanh Trì, Thành phố Hà Nội, Việt Nam",(+84) 24221315,www.vnpd.com.vn,0101264520,Dịch vụ tiện ích
VPG,Công ty cổ phần Đầu tư Thương mại Xuất nhập khẩu Việt Phát,Hàng hóa chủ chốt,"Số 123BT 02-97 Bạch Đằng, Phường Hạ Lý, Quận Hồng Bàng, Thành phố Hải Phòng, Việt Nam",+84 225 3569699,www.vietphatjsc.com.vn,0200826844,Công nghiệp
VPH,Công ty Cổ phần Vạn Phát Hưng ,Quản lý & Phát triển Bất động sản,"MB.105 Tầng 1, Trung tâm Dịch vụ, Lô DV-3, Đường Long Hậu - Hiệp Phước, KCN Long Hậu mở rộng, Xã Long Hậu, Huyện Cần Giuộc, Tỉnh Long An, Việt Nam",+84 28 37850011,www.vanphathung.com,0301822194,Bất động sản
VPI,Công ty Cổ phần Đầu tư Văn Phú - Invest,Quản lý & Phát triển Bất động sản,"Số 104 Thái Thịnh, Phường Trung Liệt, Quận Đống Đa, Thành phố Hà Nội, Việt Nam",+84 24 39288869,www.vanphu.vn,0102702590,Bất động sản
VPS,Công ty Cổ phần thuốc sát trùng Việt Nam ,Nguyên vật liệu,"102 Nguyễn Đình Chiểu, Phường Đa Kao, Quận 1, Thành phố Hồ Chí Minh, Việt Nam",+84 28 38258853,www.vipesco.com.vn,0300408946,Nguyên vật liệu
VRC,Công ty cổ phần Bất động sản và Đầu tư VRC,Hàng hóa chủ chốt,"A1.0506, Tầng 05, Tháp A1, Tòa nhà The Gold View, Số 346 Bến Vân Đồn, Phường 1, Quận 4, Thành phố Hồ Chí Minh, Việt Nam",+84 254 3854906,www.vrc.com.vn,3500101523,Công nghiệp
VRE,Công ty Cổ phần Vincom Retail,Quản lý & Phát triển Bất động sản,"Số 7, Đường Bằng Lăng 1, Khu đô thị sinh thái Vinhomes Riverside, Phường Việt Hưng, Quận Long Biên, Thành phố Hà Nội, Việt Nam",+84 24 39749999,www.vincom.com.vn,0105850244,Bất động sản
VSC,Công ty Cổ phần Tập đoàn Container Việt Nam,Vận tải,"Số 11 Võ Thị Sáu, Phường Máy Tơ, Quận Ngô Quyền, Thành phố Hải Phòng, Việt Nam",+84 225 3836705,www.viconship.com,0200453688,Công nghiệp
VSH,Công ty Cổ phần Thủy điện Vĩnh Sơn - Sông Hinh,Dịch vụ tiện ích,"21 Nguyễn Huệ, Phường Hải Đăng, Thành phố Quy Nhơn, Tỉnh Bình Định, Việt Nam",(+84) 25638927,www.vshpc.evn.com.vn,4100562786,Dịch vụ tiện ích
VSI,Công ty Cổ phần đầu tư và xây dựng cấp thoát nước,Hàng hóa chủ chốt,"Số 10 Phổ Quang, Phường 2, Quận Tân Bình, Thành phố Hồ Chí Minh, Việt Nam",+84 28 38475166,www.waseco.com.vn,0300393538,Công nghiệp
VTB,Công ty Cổ phần Viettronics Tân Bình,Đồ tiêu dùng và trang trí,"248A Nơ Trang Long, Phường 12, Quận Bình Thạnh, Thành phố Hồ Chí Minh, Việt Nam",+84 28 5163885,www.vtb.com.vn,0300391837,Hàng tiêu dùng không thiết yếu
VTO,Công ty Cổ phần Vận tải xăng dầu VITACO,Vận tải,"236/106/1A Đường Điện Biên Phủ, Phường 17, Quận Bình Thạnh, Thành phố Hồ Chí Minh, Việt Nam",+84 28 35146024,www.vitaco.petrolimex.com.vn,0300545501,Công nghiệp
YEG,Công ty cổ phần Tập đoàn Yeah1,Truyền thông và Giải trí,"Số 191, Đường Nam Kỳ Khởi Nghĩa, Phường Võ Thị Sáu, Quận 3, Thành phố Hồ Chí Minh, Việt Nam",(+84) 28730060,yeah1.com,0304592171,Viễn thông
